actual_price_of_fairness,actual_robust_cost,algorithm_runtime,cut_count,iterations,minimum_weighted_mean_fill_rate,objective_t,penalized_runtime_par2,post_evaluation_wall_runtime,rho,robust_minimum_fill_rate,scale,scenario_count,scientific_status,seed,total_wall_runtime,wgap,wminfr,wwd
4.440892098500626e-16,18764.217166863033,17.366080299951136,5,6,0.9607916749665049,0.22968178704503311,17.366080299951136,6.510628300020471,0.0,0.7703182129549668,medium_large,16,certified_robust_optimal,170,28.38124679750763,0.22968178704503317,0.7703182129549668,0.19985679699242176
1.7763568394002505e-14,15332.432370847931,23.300016399938613,7,8,0.985145774827054,0.13040447489650023,23.300016399938613,6.896193400025368,0.0,0.8695955251034998,medium_large,18,certified_robust_optimal,171,34.75232349941507,0.1304044748965002,0.8695955251034998,0.11755070245899701
0.0,18398.110957967925,11.218934800010175,3,4,0.9481785440438719,0.3106220481350066,11.218934800010175,7.324681399390101,0.0,0.6893779518649934,medium_large,14,certified_robust_optimal,172,23.296786698279902,0.3106220481350066,0.6893779518649934,0.26939687329828854
0.0,23452.358669221598,12.839387400075793,3,4,0.8693296393675243,0.37452461149752203,12.839387400075793,7.068388800136745,0.0,0.625475388502478,medium_large,14,certified_robust_optimal,173,24.542904898989946,0.37452461149752203,0.625475388502478,0.2602042682307061
6.661338147750939e-16,18351.77730849934,34.97526019997895,10,11,0.9834569055366554,0.11578383303007776,34.97526019997895,8.62827320001088,0.0,0.8842161669699222,medium_large,21,certified_robust_optimal,174,49.16016190010123,0.11578383303007778,0.8842161669699222,0.10602746946682773
0.0,17245.029062777787,14.080179800046608,4,5,0.9828708054046073,0.1765169693350455,14.080179800046608,7.2729891003109515,0.0,0.8234830306649545,medium_large,15,certified_robust_optimal,175,25.947289400268346,0.17651696933504546,0.8234830306649545,0.1593877747396527
4.440892098500626e-16,19475.17534186355,19.736791899893433,6,7,0.9200594882608608,0.48097124762631754,19.736791899893433,6.677823900012299,0.0,0.5190287523736825,medium_large,17,certified_robust_optimal,176,30.72905360092409,0.4809712476263176,0.5190287523736824,0.40742169880854484
0.0,18647.758759160155,28.509577800054103,8,9,0.9032565911581985,0.2918504362984573,28.509577800054103,6.819958498002961,0.0,0.7081495637015427,medium_large,19,certified_robust_optimal,177,40.20723369740881,0.2918504362984573,0.7081495637015427,0.2108845689041947
4.440892098500626e-16,21717.73540062066,21.226922299945727,6,7,0.9051888415257816,0.39579237412666035,21.226922299945727,6.664774100063369,0.0,0.6042076258733396,medium_large,17,certified_robust_optimal,178,32.324124101316556,0.39579237412666035,0.6042076258733396,0.31336795215915214
0.0,17169.718190126463,18.764936599880457,6,7,0.9610259644167407,0.3342776206316509,18.764936599880457,6.719451199751347,0.0,0.6657223793683491,medium_large,17,certified_robust_optimal,179,30.36644470016472,0.3342776206316509,0.6657223793683491,0.2995586408161248
0.010000000000003784,18951.859338531725,21.502177800051868,5,6,0.9593826158703217,0.04737300685855011,21.502177800051868,7.044009000295773,0.01,0.9526269931414499,medium_large,16,certified_robust_optimal,170,33.34994580131024,0.04737300685855028,0.9526269931414497,0.02482454194053385
0.010000000000000897,15485.75669455615,20.84322250005789,6,7,0.9899358945071663,0.015256442804228944,20.84322250005789,7.6944875991903245,0.01,0.984743557195771,medium_large,17,certified_robust_optimal,171,33.84441610053182,0.015256442804228998,0.984743557195771,0.013637282806664985
0.010000000000000453,18582.09206754761,16.33777579991147,4,5,0.9446479148736404,0.10717795498200058,16.33777579991147,6.759349300758913,0.01,0.8928220450179994,medium_large,15,certified_robust_optimal,172,27.51523559889756,0.10717795498200056,0.8928220450179994,0.06955103365386084
0.010000000000000675,23686.88225591383,13.84678339981474,3,4,0.8693817099436832,0.17585739240277992,13.84678339981474,7.7027455002535135,0.01,0.82414260759722,medium_large,14,certified_robust_optimal,173,26.422173698898405,0.17585739240277998,0.82414260759722,0.06159009903548418
0.010000000000000675,18535.295081584332,30.545171099947765,7,8,0.9864379683602716,0.01457770760011039,30.545171099947765,6.9027633995283395,0.01,0.9854222923998897,medium_large,18,certified_robust_optimal,174,42.297702498035505,0.014577707600110346,0.9854222923998897,0.013272924458881286
0.010000000000000009,17417.479353405564,13.754997200099751,3,4,0.9838208804437568,0.030825539621815886,13.754997200099751,6.498941198922694,0.01,0.9691744603781841,medium_large,14,certified_robust_optimal,175,24.45132199721411,0.03082553962181589,0.9691744603781841,0.027926198125391877
0.010000000000000453,19669.927095282186,21.199317999882624,6,7,0.9199133818404883,0.11587410132105892,21.199317999882624,6.625050299568102,0.01,0.8841258986789411,medium_large,17,certified_robust_optimal,176,32.18031409964897,0.11587410132105891,0.8841258986789411,0.052648686224553876
0.010000000000000453,18834.236346751764,27.193100499920547,7,8,0.9031984408392462,0.09973310199801796,27.193100499920547,6.935084798838943,0.01,0.900266898001982,medium_large,18,certified_robust_optimal,177,38.77345419768244,0.07318122105310265,0.900266898001982,0.01870806855009788
0.010000000000012665,21934.912754627134,26.169598799897358,7,8,0.9052039903950032,0.12373608978407726,26.169598799897358,6.805465799989179,0.01,0.8762639102159228,medium_large,18,certified_robust_optimal,178,37.40169629827142,0.12373608978409223,0.8762639102159078,0.04633964325495199
0.010000000000000453,17341.415372027735,18.590997700113803,5,6,0.9642395032422731,0.041049000845495315,18.590997700113803,7.6470030983909965,0.01,0.9589509991545047,medium_large,16,certified_robust_optimal,179,31.39505999884568,0.04104900084549534,0.9589509991545047,0.02408015935244212
0.025000000000000133,19233.322596034603,17.886691899970174,4,5,0.9631918823477073,0.03680811765229282,17.886691899970174,6.752348501235247,0.025,0.9631918823477071,medium_large,15,certified_robust_optimal,170,29.155295500764623,0.03680811765229286,0.9631918823477071,0.018081839890638718
0.023516895328518972,15693.003578044478,24.933050699997693,6,7,0.9958016054565233,0.0041983945434766546,24.933050699997693,10.940083300229162,0.025,0.9958016054565233,medium_large,17,certified_robust_optimal,171,41.618138500489295,0.004198394543476702,0.9958016054565232,0.003778409163183283
0.02499999999999991,18858.063731917122,17.404135399963707,4,5,0.9466183906020821,0.05932376569281436,17.404135399963707,6.619058701209724,0.025,0.9406762343071856,medium_large,15,certified_robust_optimal,172,28.427244901191443,0.05932376569281439,0.9406762343071856,0.024978903136618547
0.02499999999999991,24038.667635952137,14.109506900189444,3,4,0.8693466673709638,0.1311867619972303,14.109506900189444,7.808474998921156,0.025,0.8688132380027697,medium_large,14,certified_robust_optimal,173,26.666787899797782,0.10827142327818595,0.8688132380027697,0.016883766989990723
0.022636602181644427,18767.199190757958,35.7355950998608,9,10,0.98732156488784,0.012678435112160012,35.7355950998608,6.655305099440739,0.025,0.98732156488784,medium_large,20,certified_robust_optimal,174,47.23134209983982,0.012678435112160047,0.98732156488784,0.011493128600032487
0.02499999999999991,17676.15478934723,17.152688999893144,4,5,0.9851765190604265,0.014823480939573537,17.152688999893144,6.764572299318388,0.025,0.9851765190604265,medium_large,15,certified_robust_optimal,175,28.667251798557118,0.01482348093957353,0.9851765190604264,0.013207637331632549
0.025000000000000355,19962.054725410137,18.080356999998912,5,6,0.9222503402224916,0.07774965977750836,18.080356999998912,6.756670801201835,0.025,0.9222503402224916,medium_large,16,certified_robust_optimal,176,29.24470940208994,0.07774965977750836,0.9222503402224912,0.016904037454381404
0.025000000000000133,19113.95272813916,19.251529900124297,5,6,0.9119151752973969,0.0880848247026032,19.251529900124297,6.943776700180024,0.025,0.9119151752973969,medium_large,16,certified_robust_optimal,177,30.995261899428442,0.07053375624159886,0.9119151752973967,0.015928784373934968
0.0250000000000008,22260.678785636184,23.917835999978706,6,7,0.9075278141612396,0.09247218583876043,23.917835999978706,6.815990099916235,0.025,0.9075278141612395,medium_large,17,certified_robust_optimal,178,35.05791789921932,0.09247218583876049,0.9075278141612395,0.017444230928230775
0.025000000000000133,17598.961144879628,16.98131650011055,4,5,0.9699328955880684,0.030067104411931566,16.98131650011055,7.400553299114108,0.025,0.9699328955880684,medium_large,15,certified_robust_optimal,179,29.110903101274744,0.03006710441193161,0.969932895588068,0.019917992060580203
0.049936637702663766,19701.23908129877,20.52083529997617,5,6,0.9649077959927267,0.03509220400727329,20.52083529997617,7.206470201024786,0.05,0.9649077959927267,medium_large,16,certified_robust_optimal,170,32.488466202281415,0.03509220400727331,0.9649077959927267,0.017371815683964842
0.028919449421538124,15775.83787330554,25.03917959984392,6,7,0.9958016054565233,0.004198394543476652,25.03917959984392,10.363337600370869,0.05,0.9958016054565233,medium_large,17,certified_robust_optimal,171,41.29499179916456,0.004198394543476702,0.9958016054565233,0.003778409163183283
0.050000000000000266,19318.016505866326,18.264598699985072,5,6,0.9487385795114773,0.05126142048852259,18.264598699985072,7.760898800101131,0.05,0.9487385795114774,medium_large,16,certified_robust_optimal,172,30.974033599952236,0.051261420488523446,0.9487385795114766,0.017121630337521343
0.05000000000000093,24624.9766026827,18.155267900088802,4,5,0.8740684531899902,0.1259315468100099,18.155267900088802,6.8203988005407155,0.05,0.87406845318999,medium_large,15,certified_robust_optimal,173,29.212624999927357,0.12365797987547889,0.87406845318999,0.01643914315268158
0.027921262151440196,18864.18209367479,32.1587238998618,9,10,0.98732156488784,0.012678435112159997,32.1587238998618,6.789845799794421,0.05,0.98732156488784,medium_large,20,certified_robust_optimal,174,43.80851489980705,0.012678435112160047,0.9873215648878398,0.011493128600032487
0.04604827016495583,18039.132820063092,16.409466499928385,4,5,0.9854770252731102,0.014522974726889808,16.409466499928385,6.732035398017615,0.05,0.9854770252731102,medium_large,15,certified_robust_optimal,175,28.047576097538695,0.014522974726889792,0.9854770252731101,0.013031354155136898
0.04996261874064545,20448.206102376287,12.327032800065354,3,4,0.9245363226236191,0.0754636773763809,12.327032800065354,6.921784500125796,0.05,0.9245363226236191,medium_large,14,certified_robust_optimal,176,24.200027901446447,0.06274737765287641,0.9245363226236185,0.016945937500869257
0.05000000000000315,19580.14669711822,23.23465869994834,6,7,0.9153240156649436,0.0846759843350561,23.23465869994834,6.978435800876468,0.05,0.9153240156649439,medium_large,17,certified_robust_optimal,177,34.74303300189786,0.0782101283613933,0.915324015664941,0.015988327941857006
0.05000000000000049,22803.622170651695,19.124823699938133,5,6,0.9121315487646244,0.08786845123537551,19.124823699938133,7.034129400271922,0.05,0.9121315487646244,medium_large,16,certified_robust_optimal,178,30.92443379992619,0.08786845123537557,0.912131548764624,0.01753272255162841
0.05000000000000049,18028.204099632796,13.675219400087371,3,4,0.9711857978872399,0.028814202112759955,13.675219400087371,6.9659581002779305,0.05,0.97118579788724,medium_large,14,certified_robust_optimal,179,24.936227900208905,0.02881420211275998,0.9711857978872386,0.01994372095188901
0.07882660441346045,20243.336690603603,16.895355799933895,3,4,0.9649376004019818,0.035062399598018094,16.895355799933895,7.545383300166577,0.1,0.964937600401982,medium_large,14,certified_robust_optimal,170,29.303831200581044,0.03506239959801816,0.9649376004019816,0.017372352270679237
0.038012920922931404,15915.262910116886,21.03855250007473,6,7,0.9958016054565233,0.004198394543476649,21.03855250007473,9.787594700232148,0.1,0.9958016054565233,medium_large,17,certified_robust_optimal,171,36.708717197878286,0.004198394543476702,0.9958016054565233,0.003778409163183283
0.09999999999999765,20237.922053764676,17.67940739984624,5,6,0.9492274826650506,0.050772517334949446,17.67940739984624,8.32221560087055,0.1,0.9492274826650505,medium_large,16,certified_robust_optimal,172,31.20980420196429,0.050772517334949474,0.9492274826650505,0.01713045344142794
0.09999999999999987,25797.594536143755,17.363529100082815,4,5,0.8819405304932221,0.11805946950677798,17.363529100082815,7.095987698994577,0.1,0.881940530493222,medium_large,15,certified_robust_optimal,173,29.04578589880839,0.10411955321596267,0.881940530493222,0.01658719815366516
0.03268023141203735,18951.517637763263,30.222528900019825,9,10,0.98732156488784,0.012678435112160004,30.222528900019825,6.743728099390864,0.1,0.98732156488784,medium_large,20,certified_robust_optimal,174,41.330211598891765,0.012678435112160047,0.9873215648878398,0.011493128600032487
0.04755976759507585,18065.198637173828,14.840733700199053,4,5,0.9854770252731102,0.0145229747268898,14.840733700199053,6.659904000815004,0.1,0.9854770252731102,medium_large,15,certified_robust_optimal,175,26.3153165015392,0.014522974726889792,0.9854770252731101,0.013031354155136898
0.10000000000000098,21422.692876049914,5.787562699988484,1,2,0.925919208246123,0.07408079175387702,5.787562699988484,6.7508674007840455,0.1,0.925919208246123,medium_large,12,certified_robust_optimal,176,17.54372270172462,0.07408079175387705,0.925919208246123,0.01697128457783781
0.09999999999999942,20512.53463507616,12.865765399998054,3,4,0.917899725606063,0.08210027439393695,12.865765399998054,6.795583299361169,0.1,0.917899725606063,medium_large,14,certified_robust_optimal,177,24.53698489931412,0.08210027439393697,0.917899725606063,0.015379728318449026
0.10000000000000031,23889.508940682725,11.630084800068289,3,4,0.9176856312471183,0.08231436875288159,11.630084800068289,7.001066100085154,0.1,0.9176856312471184,medium_large,14,certified_robust_optimal,178,23.579170498764142,0.08231436875288167,0.917685631247118,0.017639481480563823
0.09986666818226042,18884.400739402743,12.044586499920115,3,4,0.9719212701804923,0.02807872981950747,12.044586499920115,6.811190098989755,0.1,0.9719212701804926,medium_large,14,certified_robust_optimal,179,23.122446396155283,0.02807872981950743,0.9719212701804905,0.01823691643181169
6.661338147750939e-16,25541.011781173504,55.753876300062984,6,7,0.9632342325242232,0.168818032443634,55.753876300062984,30.060272998875007,0.0,0.831181967556366,large,19,certified_robust_optimal,170,106.24594099936076,0.16881803244363403,0.831181967556366,0.13926257324959146
0.0,29379.13279849213,115.07101029995829,11,12,0.8875720355473616,0.3404865736056912,115.07101029995829,32.78618370019831,0.0,0.6595134263943088,large,24,certified_robust_optimal,171,172.66078800032847,0.34048657360569123,0.6595134263943088,0.23423608132886087
0.0,50979.16172795266,39.04639680008404,3,4,0.7916205046286138,0.5297192898893928,39.04639680008404,32.0460710010957,0.0,0.47028071011060724,large,16,certified_robust_optimal,172,92.08667240082286,0.5297192898893928,0.47028071011060724,0.327910077695717
2.220446049250313e-16,28560.375439544074,85.18074530013837,9,10,0.9276590403764815,0.21014885399400243,85.18074530013837,32.443289800779894,0.0,0.7898511460059976,large,22,certified_robust_optimal,173,138.93995610112324,0.2101488539940024,0.7898511460059976,0.14853512038470362
2.220446049250313e-16,33891.159079832956,54.99959870008752,5,6,0.8732076790033704,0.26202033516949885,54.99959870008752,32.33547380263917,0.0,0.7379796648305011,large,18,certified_robust_optimal,174,108.42930539906956,0.26202033516949885,0.7379796648305011,0.14484716414579724
2.220446049250313e-16,24573.329589222474,78.8105645000469,9,10,0.988572491491811,0.12190236798348676,78.8105645000469,32.21092250174843,0.0,0.8780976320165133,large,22,certified_robust_optimal,175,134.70029940502718,0.12190236798348675,0.8780976320165133,0.11170575840204311
2.220446049250313e-16,24277.64247873005,103.86914950003847,10,11,0.9884884466575566,0.1289640591970377,103.86914950003847,31.78113770065829,0.0,0.8710359408029623,large,23,certified_robust_optimal,176,160.1578788002953,0.12896405919703768,0.8710359408029623,0.11924406501112084
2.220446049250313e-16,23593.946009630872,94.39962450019084,10,11,0.9899685119611149,0.11105735748705177,94.39962450019084,31.96699839970097,0.0,0.8889426425129482,large,23,certified_robust_optimal,177,151.09199730074033,0.11105735748705181,0.8889426425129482,0.10286130853640485
-3.3306690738754696e-16,24954.481483361313,93.1535074999556,10,11,0.9892443006115264,0.0851216949537126,93.1535074999556,32.340432497207075,0.0,0.9148783050462874,large,23,certified_robust_optimal,178,150.01786749600433,0.08512169495371258,0.9148783050462874,0.07862617615598189
-7.771561172376096e-16,47082.1529211684,45.018176099983975,4,5,0.8104015411643428,0.40210843373494876,45.018176099983975,34.001662399154156,0.0,0.5978915662650512,large,17,certified_robust_optimal,179,104.11932289833203,0.40210843373494876,0.5978915662650512,0.2178632089634246
0.010000000000000231,25796.42189898523,89.21470190002583,9,10,0.9627507678131276,0.04261946717617971,89.21470190002583,31.04171659820713,0.01,0.9573805328238203,large,22,certified_robust_optimal,170,142.71713879774325,0.042619467176179704,0.9573805328238203,0.017065268794139166
0.010000000000000009,29672.924126477054,60.91406900016591,5,6,0.8909912130932113,0.10900878690678886,60.91406900016591,43.16281149862334,0.01,0.8909912130932112,large,18,certified_robust_optimal,171,128.98476589773782,0.07423773709498604,0.8909912130932112,0.009997017076141201
0.010000000000000231,51488.9533452322,49.05063259997405,4,5,0.7916850162958446,0.26488693491793064,49.05063259997405,32.894346199929714,0.01,0.7351130650820694,large,17,certified_robust_optimal,172,103.02155599882826,0.25714101786697097,0.7351130650820693,0.06584854609628066
0.010000000000000453,28845.979193939518,92.19347469997592,9,10,0.9282830780772917,0.0717169219227083,92.19347469997592,32.96719849924557,0.01,0.9282830780772917,large,22,certified_robust_optimal,173,146.52810709970072,0.06784470335876869,0.9282830780772914,0.010734442236092878
0.010000000000000453,34230.07067063129,59.1231201000046,5,6,0.873224067652722,0.16265865275417246,59.1231201000046,32.97493460122496,0.01,0.8373413472458275,large,18,certified_robust_optimal,174,113.43001010036096,0.16265865275417268,0.8373413472458273,0.04684352338177489
0.010000000000000009,24819.062885114698,113.81008310010657,10,11,0.9904861266990169,0.009513873300983071,113.81008310010657,32.89755210070871,0.01,0.9904861266990169,large,23,certified_robust_optimal,175,171.57249940163456,0.009513873300983078,0.9904861266990168,0.008738857110688447
0.010000000000000231,24520.418903517348,76.63080509984866,6,7,0.9893955982387937,0.010604401761206195,76.63080509984866,32.41268300055526,0.01,0.9893955982387939,large,19,certified_robust_optimal,176,130.16015080199577,0.01060440176120625,0.9893955982387934,0.009719604914457114
0.010000000000000897,23829.885469727193,67.48621959984303,9,10,0.9973844979376613,0.002808614780343839,67.48621959984303,32.33921069907956,0.01,0.9971913852196561,large,22,certified_robust_optimal,177,121.06703269784339,0.0028086147803438877,0.9971913852196561,0.0025689101779218237
0.010000000000000009,25204.026298194934,103.38042020006105,10,11,0.9909485500476382,0.009543337747733461,103.38042020006105,33.513175000669435,0.01,0.9904566622522666,large,23,certified_robust_optimal,178,160.9902266045101,0.009543337747733416,0.9904566622522666,0.008795917564707434
0.010000000000001119,47552.97445038018,41.095043500186875,3,4,0.8104863719179842,0.21202628524633996,41.095043500186875,34.73283540084958,0.01,0.7879737147536601,large,16,certified_robust_optimal,179,100.41072920314036,0.21202628524634004,0.78797371475366,0.032502404515043604
0.024925759103661127,26177.640888094793,41.742277699988335,4,5,0.9635463848325956,0.036453615167404335,41.742277699988335,31.418874501250684,0.025,0.9635463848325957,large,17,certified_robust_optimal,170,98.21514580305666,0.03645361516740431,0.9635463848325955,0.011380791014063751
0.0250000000000008,30113.611118454457,33.21858979994431,2,3,0.8940892415939057,0.10591075840609439,33.21858979994431,32.78632939909585,0.025,0.8940892415939056,large,15,certified_robust_optimal,171,87.15877080149949,0.10591075840609443,0.8940892415939056,0.010031777288552424
0.02499976850347707,52253.6289696528,69.80113220005296,5,6,0.7925311176139489,0.20746888238605105,69.80113220005296,33.50900059891865,0.025,0.7925311176139489,large,18,certified_robust_optimal,172,125.31439979816787,0.04879288852834762,0.7925311176139487,0.009286509102171214
0.02499999999999991,29274.384825532667,70.82214950001799,7,8,0.9319421595460172,0.06805784045398267,70.82214950001799,32.73342470056377,0.025,0.9319421595460173,large,20,certified_robust_optimal,173,124.5285785002634,0.06805784045398267,0.9319421595460164,0.010776754974082703
0.025000000000000133,34738.438056828774,78.6285945000127,6,7,0.874160301329576,0.125839698670424,78.6285945000127,32.89751790300943,0.025,0.874160301329576,large,19,certified_robust_optimal,174,132.65001270291395,0.11169153164642664,0.874160301329576,0.010972554681287328
0.020593296944643402,25079.37546237192,94.01931919995695,9,10,0.9909810854944351,0.009018914505564872,94.01931919995695,33.24940020125359,0.025,0.9909810854944351,large,22,certified_robust_optimal,175,150.28700859914534,0.009018914505564912,0.990981085494435,0.008268414074205643
0.01910436692303774,24741.451468670028,94.6227271000389,8,9,0.9896933546673482,0.01030664533265183,94.6227271000389,32.917365099769086,0.025,0.9896933546673482,large,21,certified_robust_optimal,176,151.23668769793585,0.010306645332651798,0.9896933546673481,0.009433369830331717
0.02083683585430185,24085.569189788803,55.14388479990885,8,9,1.0,0.0,55.14388479990885,32.25148580176756,0.025,1.0,large,21,certified_robust_optimal,177,109.89638180285692,0.0,1.0,0.0
0.023385338995279614,25538.050492301154,74.61079600010999,8,9,0.9943349714638199,0.005665028536180075,74.61079600010999,32.33244319935329,0.025,0.9943349714638199,large,21,certified_robust_optimal,178,128.14183599920943,0.005665028536180117,0.9943349714638198,0.005238215686427572
0.025000000000000355,48259.20674419767,51.070200299844146,4,5,0.811590691996959,0.18840930800304095,51.070200299844146,35.13900619978085,0.025,0.8115906919969591,large,17,certified_robust_optimal,179,109.75863889884204,0.07355429456266716,0.8115906919969584,0.01000335878080072
0.04914681762088979,26796.271229035818,35.28059159987606,3,4,0.9637855150233351,0.03621448497666486,35.28059159987606,31.697902099695057,0.05,0.9637855150233351,large,16,certified_robust_optimal,170,91.89513039891608,0.03621448497666491,0.9637855150233351,0.011383615466284192
0.049992987652753174,30847.88342173574,29.062795199919492,2,3,0.8970843363253211,0.10291566367467887,29.062795199919492,32.374264599289745,0.05,0.8970843363253211,large,15,certified_robust_optimal,171,82.7362180983182,0.10291566367467886,0.897084336325321,0.010065382573020587
0.050000000000000044,53528.1198143503,68.21175040001981,5,6,0.7951244737127523,0.20487552628724778,68.21175040001981,32.85824679979123,0.05,0.7951244737127522,large,18,certified_robust_optimal,172,122.09585439809598,0.05586842313493268,0.7951244737127519,0.009316896836458866
0.04997792546878577,29987.76375462214,46.04204250010662,4,5,0.9335510340920197,0.06644896590798026,46.04204250010662,32.65145380049944,0.05,0.9335510340920198,large,17,certified_robust_optimal,173,99.87218650151044,0.06644896590798022,0.9335510340920191,0.010795359612352118
0.050000000000000266,35585.71703382461,76.59994059987366,6,7,0.8776397041857047,0.12236029581429532,76.59994059987366,32.871077101211995,0.05,0.8776397041857047,large,19,certified_robust_optimal,174,130.84511240245774,0.10565415763387942,0.8776397041857045,0.01101622852238826
0.027557656979116496,25250.512976877035,91.15965620009229,9,10,0.9909810854944351,0.00901891450556487,91.15965620009229,33.00981899932958,0.05,0.9909810854944351,large,22,certified_robust_optimal,175,147.41985029680654,0.009018914505564912,0.9909810854944351,0.008268414074205643
0.025103433687286625,24887.094666778492,88.67381469998509,8,9,0.9896933546673481,0.01030664533265184,88.67381469998509,32.90689279907383,0.05,0.9896933546673482,large,21,certified_robust_optimal,176,143.9912209007889,0.010306645332651798,0.989693354667348,0.009433369830331717
0.02319631973847991,24141.238725162697,58.71007840009406,8,9,1.0,0.0,58.71007840009406,32.10865409951657,0.05,1.0,large,21,certified_robust_optimal,177,115.16490719863214,0.0,1.0,0.0
0.028924988606110924,25676.28957593895,72.67283169995062,8,9,0.9943349714638199,0.005665028536180066,72.67283169995062,32.854402899276465,0.05,0.9943349714638199,large,21,certified_robust_optimal,178,127.01557969814166,0.005665028536180117,0.9943349714638198,0.005238215686427572
0.05000000000000071,49436.2605672269,50.25355329993181,4,5,0.8138508322825575,0.18614916771744264,50.25355329993181,35.07628730358556,0.05,0.8138508322825574,large,17,certified_robust_optimal,179,107.30709260515869,0.07132267198321285,0.8138508322825573,0.01003121641198712
0.09976390215720232,28089.082781506433,34.872264500008896,3,4,0.9642119360155983,0.035788063984401756,34.872264500008896,31.98431099834852,0.1,0.9642119360155983,large,16,certified_robust_optimal,170,91.79553419793956,0.03578806398440171,0.9642119360155982,0.011388652077155448
0.10000000000000009,32317.046078341344,37.789214599877596,3,4,0.9026208841121968,0.09737911588780314,37.789214599877596,31.892337099881843,0.1,0.9026208841121969,large,16,certified_robust_optimal,171,91.07447460107505,0.0816273777848926,0.9026208841121962,0.009999753084112717
0.09999933041263653,56077.04376574543,74.42898079985753,6,7,0.7996773405875659,0.2003226594124341,74.42898079985753,32.63869999907911,0.1,0.7996773405875659,large,19,certified_robust_optimal,172,128.1709441023413,0.0675624610337503,0.7996773405875655,0.009370245201884786
0.09999999999999942,31416.41298349846,37.639381299959496,3,4,0.9347235006733374,0.06527649932666253,37.639381299959496,32.667802199721336,0.1,0.9347235006733374,large,16,certified_robust_optimal,173,92.67255620076321,0.06527649932666257,0.9347235006733374,0.010808917733886592
0.10000000000000031,37280.27498781626,47.120815800037235,4,5,0.8808376659315734,0.1191623340684265,47.120815800037235,32.457650899887085,0.1,0.8808376659315735,large,17,certified_robust_optimal,174,100.46259579830803,0.041209106005264395,0.880837665931573,0.011056369684222966
0.040418097576591316,25566.536822341404,82.15856650006026,9,10,0.9909810854944351,0.009018914505564869,82.15856650006026,33.718647298403084,0.1,0.9909810854944351,large,22,certified_robust_optimal,175,140.36754399677739,0.009018914505564912,0.9909810854944351,0.008268414074205643
0.029181263147858516,24986.094752511493,75.4135976000689,8,9,0.9896933546673482,0.010306645332651816,75.4135976000689,32.8611557004042,0.1,0.9896933546673482,large,21,certified_robust_optimal,176,129.47601470025256,0.010306645332651798,0.9896933546673481,0.009433369830331717
0.03793777104285523,24489.04773134173,58.32310329983011,8,9,1.0,0.0,58.32310329983011,31.957724299747497,0.1,1.0,large,21,certified_robust_optimal,177,111.32948550069705,0.0,1.0,0.0
0.041037026664568765,25978.539205394503,62.93190429988317,8,9,0.9943349714638199,0.005665028536180072,62.93190429988317,33.70194949931465,0.1,0.9943349714638199,large,21,certified_robust_optimal,178,121.09438089909963,0.005665028536180117,0.9943349714638198,0.005238215686427572
0.09999573533363337,51790.16742361125,37.912763700122014,3,4,0.817755653750689,0.18224434624931088,37.912763700122014,34.40672320011072,0.1,0.8177556537506891,large,16,certified_robust_optimal,179,93.89789630076848,0.09071116547127878,0.8177556537506885,0.009960055447426175
