scale,rho,seed_count,metric,label,unit,mean,median,standard_deviation,iqr,min,max
medium_large,0.0,10,actual_price_of_fairness,Actual price of fairness,fraction_of_baseline_cost,1.9761969838327787e-15,2.220446049250313e-16,5.553039176257044e-15,4.440892098500626e-16,0.0,1.7763568394002505e-14
medium_large,0.0,10,actual_robust_cost,Post-evaluation robust cost,model_cost_units,18855.431322794844,18522.93485856404,2311.0702506199236,1775.7196739052451,15332.432370847931,23452.358669221598
medium_large,0.0,10,algorithm_runtime,Algorithm runtime,seconds,20.2018087499775,19.250864249886945,7.307663058518808,7.880087949917652,11.218934800010175,34.97526019997895
medium_large,0.0,10,cut_count,Certified Farkas cuts,count,5.8,6.0,2.2010098692292237,2.5,3.0,10.0
medium_large,0.0,10,iterations,Algorithm iterations,count,6.8,7.0,2.2010098692292237,2.5,4.0,11.0
medium_large,0.0,10,minimum_weighted_mean_fill_rate,Worst-scenario demand-weighted mean regional fill rate,fraction,0.94193042295078,0.9544851095051884,0.0403076729532119,0.06850309194808923,0.8693296393675243,0.985145774827054
medium_large,0.0,10,objective_t,Certified robust worst-region shortage rate (T),fraction,0.28404254026222714,0.30123624221673195,0.11980513378406421,0.17465469001851186,0.11578383303007776,0.48097124762631754
medium_large,0.0,10,penalized_runtime_par2,PAR-2 algorithm runtime,seconds,20.2018087499775,19.250864249886945,7.307663058518808,7.880087949917652,11.218934800010175,34.97526019997895
medium_large,0.0,10,post_evaluation_wall_runtime,Post-evaluation wall time,seconds,7.05831618977245,6.8580759490141645,0.6127751815446416,0.5336083003203385,6.510628300020471,8.62827320001088
medium_large,0.0,10,robust_minimum_fill_rate,Certified robust minimum regional fill-rate guarantee (1 - T),fraction,0.7159574597377729,0.698763757783268,0.11980513378406421,0.17465469001851197,0.5190287523736825,0.8842161669699222
medium_large,0.0,10,scenario_count,Committed master scenario blocks,count,16.8,17.0,2.2010098692292237,2.5,14.0,21.0
medium_large,0.0,10,total_wall_runtime,Total wall time,seconds,31.97075692943763,30.547749150544405,7.85189508647179,7.589494900312275,23.296786698279902,49.16016190010123
medium_large,0.0,10,wgap,Post-evaluation worst fill-rate range,fraction,0.28404254026222714,0.30123624221673195,0.11980513378406422,0.17465469001851186,0.11578383303007778,0.4809712476263176
medium_large,0.0,10,wminfr,Post-evaluation worst-scenario minimum regional fill rate,fraction,0.7159574597377729,0.698763757783268,0.11980513378406422,0.17465469001851197,0.5190287523736824,0.8842161669699222
medium_large,0.0,10,wwd,Post-evaluation worst regional deviation below weighted mean,fraction,0.23436567458749105,0.2355444185674504,0.09417184709084797,0.12251316863382078,0.10602746946682773,0.40742169880854484
medium_large,0.01,10,actual_price_of_fairness,Actual price of fairness,fraction_of_baseline_cost,0.010000000000002052,0.010000000000000564,3.8754399909289205e-15,3.885780586188048e-16,0.010000000000000009,0.010000000000012665
medium_large,0.01,10,actual_robust_cost,Post-evaluation robust cost,model_cost_units,19043.985636022804,18708.16420714969,2334.180953126207,1793.4768706443137,15485.75669455615,23686.88225591383
medium_large,0.01,10,algorithm_runtime,Algorithm runtime,seconds,20.998314279969783,21.021270249970257,5.65394845051453,8.101662274973933,13.754997200099751,30.545171099947765
medium_large,0.01,10,cut_count,Certified Farkas cuts,count,5.3,5.5,1.5670212364724212,2.5,3.0,7.0
medium_large,0.01,10,iterations,Algorithm iterations,count,6.3,6.5,1.5670212364724212,2.5,4.0,8.0
medium_large,0.01,10,minimum_weighted_mean_fill_rate,Worst-scenario demand-weighted mean regional fill rate,fraction,0.9426162300315852,0.9520152653719811,0.04142231822135879,0.07004419788701144,0.8693817099436832,0.9899358945071663
medium_large,0.01,10,objective_t,Certified robust worst-region shortage rate (T),fraction,0.07714603382181354,0.07355305442828404,0.0546774936501414,0.08031865980855861,0.01457770760011039,0.17585739240277992
medium_large,0.01,10,penalized_runtime_par2,PAR-2 algorithm runtime,seconds,20.998314279969783,21.021270249970257,5.65394845051453,8.101662274973933,13.754997200099751,30.545171099947765
medium_large,0.01,10,post_evaluation_wall_runtime,Post-evaluation wall time,seconds,7.061489999573678,6.918924099183641,0.454603162517439,0.7253761483007111,6.498941198922694,7.7027455002535135
medium_large,0.01,10,robust_minimum_fill_rate,Certified robust minimum regional fill-rate guarantee (1 - T),fraction,0.9228539661781865,0.9264469455717159,0.054677493650141414,0.08031865980855857,0.82414260759722,0.9854222923998897
medium_large,0.01,10,scenario_count,Committed master scenario blocks,count,16.3,16.5,1.5670212364724212,2.5,14.0,18.0
medium_large,0.01,10,total_wall_runtime,Total wall time,seconds,32.76313202893361,32.765129950479604,5.667720137717235,8.027184549951926,24.45132199721411,42.297702498035505
medium_large,0.01,10,wgap,Post-evaluation worst fill-rate range,fraction,0.07449084572732352,0.06027711395582647,0.054100419653410246,0.08031865980855857,0.014577707600110346,0.17585739240277998
medium_large,0.01,10,wminfr,Post-evaluation worst-scenario minimum regional fill rate,fraction,0.922853966178185,0.9264469455717159,0.054677493650142815,0.08031865980855857,0.82414260759722,0.9854222923998897
medium_large,0.01,10,wwd,Post-evaluation worst regional deviation below weighted mean,fraction,0.03525786374028629,0.026375370032962864,0.020566656018509655,0.031020334231469465,0.013272924458881286,0.06955103365386084
medium_large,0.025,10,actual_price_of_fairness,Actual price of fairness,fraction_of_baseline_cost,0.02461534975101647,0.025000000000000022,0.0008370378043995253,2.220446049250313e-16,0.022636602181644427,0.0250000000000008
medium_large,0.025,10,actual_robust_cost,Post-evaluation robust cost,model_cost_units,19320.205890611865,18986.008230028143,2373.7896796461605,1830.955803366338,15693.003578044478,24038.667635952137
medium_large,0.025,10,algorithm_runtime,Algorithm runtime,seconds,20.545270840008744,17.983524449984543,6.2511113521835835,5.535708875104319,14.109506900189444,35.7355950998608
medium_large,0.025,10,cut_count,Certified Farkas cuts,count,5.0,4.5,1.699673171197595,1.75,3.0,9.0
medium_large,0.025,10,iterations,Algorithm iterations,count,6.0,5.5,1.699673171197595,1.75,4.0,10.0
medium_large,0.025,10,minimum_weighted_mean_fill_rate,Worst-scenario demand-weighted mean regional fill rate,fraction,0.9459082854994738,0.9549051364748946,0.04173032201429525,0.06686664666366637,0.8693466673709638,0.9958016054565233
medium_large,0.025,10,objective_t,Certified robust worst-region shortage rate (T),fraction,0.054739273066835126,0.04806594167255359,0.041869399786410216,0.06686664666366646,0.0041983945434766546,0.1311867619972303
medium_large,0.025,10,penalized_runtime_par2,PAR-2 algorithm runtime,seconds,20.545270840008744,17.983524449984543,6.2511113521835835,5.535708875104319,14.109506900189444,35.7355950998608
medium_large,0.025,10,post_evaluation_wall_runtime,Post-evaluation wall time,seconds,7.345683380076662,6.790281199617311,1.3174166347602716,0.5329300731536932,6.619058701209724,10.940083300229162
medium_large,0.025,10,robust_minimum_fill_rate,Certified robust minimum regional fill-rate guarantee (1 - T),fraction,0.9452607269331649,0.9519340583274464,0.04186939978641021,0.06686664666366637,0.8688132380027697,0.9958016054565233
medium_large,0.025,10,scenario_count,Committed master scenario blocks,count,16.0,15.5,1.699673171197595,1.75,14.0,20.0
medium_large,0.025,10,total_wall_runtime,Total wall time,seconds,32.61748530026525,29.20000245142728,6.728014744986228,5.264089275035076,26.666787899797782,47.23134209983982
medium_large,0.025,10,wgap,Post-evaluation worst fill-rate range,fraction,0.05069263234883028,0.048065941672553625,0.03616732589662484,0.057311297085867935,0.004198394543476702,0.10827142327818595
medium_large,0.025,10,wminfr,Post-evaluation worst-scenario minimum regional fill rate,fraction,0.9452607269331648,0.9519340583274464,0.04186939978641019,0.06686664666366637,0.8688132380027697,0.9958016054565232
medium_large,0.025,10,wwd,Post-evaluation worst regional deviation below weighted mean,fraction,0.015861872992922365,0.016893902222186064,0.005590471000571078,0.0040345135578285785,0.003778409163183283,0.024978903136618547
medium_large,0.05,10,actual_price_of_fairness,Actual price of fairness,fraction_of_baseline_cost,0.04527882381812487,0.04998130937032286,0.008972716751364284,0.002979637950617675,0.027921262151440196,0.05000000000000315
medium_large,0.05,10,actual_robust_cost,Post-evaluation robust cost,model_cost_units,19718.35640466702,19449.081601492275,2500.12459558765,2016.069208640889,15775.83787330554,24624.9766026827
medium_large,0.05,10,algorithm_runtime,Algorithm runtime,seconds,19.890980649972335,18.694711199961603,5.800317289144799,5.710285999986809,12.327032800065354,32.1587238998618
medium_large,0.05,10,cut_count,Certified Farkas cuts,count,5.0,5.0,1.7638342073763937,1.75,3.0,9.0
medium_large,0.05,10,iterations,Algorithm iterations,count,6.0,6.0,1.7638342073763937,1.75,4.0,10.0
medium_large,0.05,10,minimum_weighted_mean_fill_rate,Worst-scenario demand-weighted mean regional fill rate,fraction,0.9479492709252094,0.9568231877521021,0.04004215062920584,0.06427712602203017,0.8740684531899902,0.9958016054565233
medium_large,0.05,10,objective_t,Certified robust worst-region shortage rate (T),fraction,0.05205072907479047,0.04317681224789794,0.04004215062920584,0.06427712602202998,0.004198394543476652,0.1259315468100099
medium_large,0.05,10,penalized_runtime_par2,PAR-2 algorithm runtime,seconds,19.890980649972335,18.694711199961603,5.800317289144799,5.710285999986809,12.327032800065354,32.1587238998618
medium_large,0.05,10,post_evaluation_wall_runtime,Post-evaluation wall time,seconds,7.357329440140165,6.9721969505771995,1.0961511557717176,0.3176397753995843,6.732035398017615,10.363337600370869
medium_large,0.05,10,robust_minimum_fill_rate,Certified robust minimum regional fill-rate guarantee (1 - T),fraction,0.9479492709252095,0.9568231877521021,0.04004215062920584,0.06427712602202995,0.87406845318999,0.9958016054565233
medium_large,0.05,10,scenario_count,Committed master scenario blocks,count,16.0,16.0,1.7638342073763937,1.75,14.0,20.0
medium_large,0.05,10,total_wall_runtime,Total wall time,seconds,32.062993020215075,30.949233699939214,6.4109112680072595,5.840552978857886,24.200027901446447,43.80851489980705
medium_large,0.05,10,wgap,Post-evaluation worst fill-rate range,fraction,0.04990515681162074,0.04317681224789838,0.03835464887166696,0.056248659110906735,0.004198394543476702,0.12365797987547889
medium_large,0.05,10,wminfr,Post-evaluation worst-scenario minimum regional fill rate,fraction,0.9479492709252089,0.9568231877521016,0.04004215062920606,0.06427712602203184,0.87406845318999,0.9958016054565233
medium_large,0.05,10,wwd,Post-evaluation worst regional deviation below weighted mean,fraction,0.014964619003876412,0.016692540326775418,0.004593495152347861,0.003538671745537042,0.003778409163183283,0.01994372095188901
medium_large,0.1,10,actual_price_of_fairness,Actual price of fairness,fraction_of_baseline_cost,0.07969461925257637,0.09993333409112903,0.028770302541539342,0.04462352320032775,0.03268023141203735,0.10000000000000098
medium_large,0.1,10,actual_robust_cost,Post-evaluation robust cost,model_cost_units,20391.996965677758,20240.62937218414,2835.8565783310987,2293.9733518136054,15915.262910116886,25797.594536143755
medium_large,0.1,10,algorithm_runtime,Algorithm runtime,seconds,16.03681068001315,15.868044750066474,6.5263374744676135,5.350556599965785,5.787562699988484,30.222528900019825
medium_large,0.1,10,cut_count,Certified Farkas cuts,count,4.1,3.5,2.183269719175042,1.75,1.0,9.0
medium_large,0.1,10,iterations,Algorithm iterations,count,5.1,4.5,2.183269719175042,1.75,2.0,10.0
medium_large,0.1,10,minimum_weighted_mean_fill_rate,Worst-scenario demand-weighted mean regional fill rate,fraction,0.9498131644457525,0.9570825415335162,0.037623646901157756,0.0621834902338777,0.8819405304932221,0.9958016054565233
medium_large,0.1,10,objective_t,Certified robust worst-region shortage rate (T),fraction,0.0501868355542475,0.042917458466483774,0.037623646901157784,0.062183490233877745,0.004198394543476649,0.11805946950677798
medium_large,0.1,10,penalized_runtime_par2,PAR-2 algorithm runtime,seconds,16.03681068001315,15.868044750066474,6.5263374744676135,5.350556599965785,5.787562699988484,30.222528900019825
medium_large,0.1,10,post_evaluation_wall_runtime,Post-evaluation wall time,seconds,7.351352029968984,6.9061280995374545,0.9950966748823922,0.6709880244452506,6.659904000815004,9.787594700232148
medium_large,0.1,10,robust_minimum_fill_rate,Certified robust minimum regional fill-rate guarantee (1 - T),fraction,0.9498131644457525,0.9570825415335162,0.03762364690115779,0.062183490233877814,0.881940530493222,0.9958016054565233
medium_large,0.1,10,scenario_count,Committed master scenario blocks,count,15.1,14.5,2.183269719175042,1.75,12.0,20.0
medium_large,0.1,10,total_wall_runtime,Total wall time,seconds,28.269599109562115,27.680551200173795,6.939457041834157,6.914686852716841,17.54372270172462,41.330211598891765
medium_large,0.1,10,wgap,Post-evaluation worst fill-rate range,fraction,0.048792843925165995,0.042917458466483815,0.034995969170100456,0.062183490233877786,0.004198394543476702,0.10411955321596267
medium_large,0.1,10,wminfr,Post-evaluation worst-scenario minimum regional fill rate,fraction,0.9498131644457521,0.957082541533516,0.03762364690115765,0.06218349023387715,0.881940530493222,0.9958016054565233
medium_large,0.1,10,wwd,Post-evaluation worst regional deviation below weighted mean,fraction,0.014762030659278735,0.016779241365751485,0.004418298471040823,0.003693429867401482,0.003778409163183283,0.01823691643181169
large,0.0,10,actual_price_of_fairness,Actual price of fairness,fraction_of_baseline_cost,6.661338147750939e-17,2.220446049250313e-16,3.8884230758414213e-16,2.220446049250313e-16,-7.771561172376096e-16,6.661338147750939e-16
large,0.0,10,actual_robust_cost,Post-evaluation robust cost,model_cost_units,31283.239330910845,27050.693610358787,9897.411252335398,8094.534946740561,23593.946009630872,50979.16172795266
large,0.0,10,algorithm_runtime,Algorithm runtime,seconds,76.5302649500547,81.99565490009263,26.250418981154333,38.899927150050644,39.04639680008404,115.07101029995829
large,0.0,10,cut_count,Certified Farkas cuts,count,7.7,9.0,2.9078437983419185,4.75,3.0,11.0
large,0.0,10,iterations,Algorithm iterations,count,8.7,10.0,2.9078437983419185,4.75,4.0,12.0
large,0.0,10,minimum_weighted_mean_fill_rate,Worst-scenario demand-weighted mean regional fill rate,fraction,0.9209968783966402,0.9454466364503524,0.07654726429397003,0.11175271214387916,0.7916205046286138,0.9899685119611149
large,0.0,10,objective_t,Certified robust worst-region shortage rate (T),fraction,0.23603469984584566,0.18948344321881821,0.14662465705106523,0.19720222320976855,0.0851216949537126,0.5297192898893928
large,0.0,10,penalized_runtime_par2,PAR-2 algorithm runtime,seconds,76.5302649500547,81.99565490009263,26.250418981154333,38.899927150050644,39.04639680008404,115.07101029995829
large,0.0,10,post_evaluation_wall_runtime,Post-evaluation wall time,seconds,32.1972444802057,32.2731981521938,0.972897597402887,0.4308089248370379,30.060272998875007,34.001662399154156
large,0.0,10,robust_minimum_fill_rate,Certified robust minimum regional fill-rate guarantee (1 - T),fraction,0.7639653001541543,0.8105165567811818,0.14662465705106523,0.19720222320976866,0.47028071011060724,0.9148783050462874
large,0.0,10,scenario_count,Committed master scenario blocks,count,20.7,22.0,2.9078437983419185,4.75,16.0,24.0
large,0.0,10,total_wall_runtime,Total wall time,seconds,131.8450028801104,136.8201277530752,27.446479576989333,44.031682750268374,92.08667240082286,172.66078800032847
large,0.0,10,wgap,Post-evaluation worst fill-rate range,fraction,0.2360346998458457,0.18948344321881821,0.14662465705106523,0.19720222320976868,0.08512169495371258,0.5297192898893928
large,0.0,10,wminfr,Post-evaluation worst-scenario minimum regional fill rate,fraction,0.7639653001541543,0.8105165567811818,0.14662465705106523,0.19720222320976866,0.47028071011060724,0.9148783050462874
large,0.0,10,wwd,Post-evaluation worst regional deviation below weighted mean,fraction,0.16250915338736455,0.14205486869769435,0.07576350957781844,0.08694085176443181,0.07862617615598189,0.327910077695717
large,0.01,10,actual_price_of_fairness,Actual price of fairness,fraction_of_baseline_cost,0.010000000000000365,0.010000000000000231,3.8029527907997864e-16,3.885780586188048e-16,0.010000000000000009,0.010000000000001119
large,0.01,10,actual_robust_cost,Post-evaluation robust cost,model_cost_units,31596.071724219964,27321.200546462373,9996.385364858768,8175.480296207974,23829.885469727193,51488.9533452322
large,0.01,10,algorithm_runtime,Algorithm runtime,seconds,75.28985698001925,72.05851234984584,23.900313538222445,31.877924174943473,41.095043500186875,113.81008310010657
large,0.01,10,cut_count,Certified Farkas cuts,count,7.0,7.5,2.6666666666666665,4.0,3.0,10.0
large,0.01,10,iterations,Algorithm iterations,count,8.0,8.5,2.6666666666666665,4.0,4.0,11.0
large,0.01,10,minimum_weighted_mean_fill_rate,Worst-scenario demand-weighted mean regional fill rate,fraction,0.9225635287773292,0.9455169229452096,0.07754861447536915,0.11254764057111688,0.7916850162958446,0.9973844979376613
large,0.01,10,objective_t,Certified robust worst-region shortage rate (T),fraction,0.08953872765143865,0.05716819454944401,0.09460491881538288,0.1394375825412249,0.002808614780343839,0.26488693491793064
large,0.01,10,penalized_runtime_par2,PAR-2 algorithm runtime,seconds,75.28985698001925,72.05851234984584,23.900313538222445,31.877924174943473,41.095043500186875,113.81008310010657
large,0.01,10,post_evaluation_wall_runtime,Post-evaluation wall time,seconds,33.893646359909326,32.93237529997714,3.386289130014671,0.8455161004094407,31.04171659820713,43.16281149862334
large,0.01,10,robust_minimum_fill_rate,Certified robust minimum regional fill-rate guarantee (1 - T),fraction,0.9104612723485614,0.942831805450556,0.09460491881538287,0.13943758254122496,0.7351130650820694,0.9971913852196561
large,0.01,10,scenario_count,Committed master scenario blocks,count,20.0,20.5,2.6666666666666665,4.0,16.0,23.0
large,0.01,10,total_wall_runtime,Total wall time,seconds,131.88822166034953,129.5724583498668,23.680036576274937,30.236099274479784,100.41072920314036,171.57249940163456
large,0.01,10,wgap,Post-evaluation worst fill-rate range,fraction,0.08489980910876847,0.055232085267474196,0.0929080819670893,0.1307448200882744,0.0028086147803438877,0.25714101786697097
large,0.01,10,wminfr,Post-evaluation worst-scenario minimum regional fill rate,fraction,0.9104612723485612,0.9428318054505558,0.09460491881538287,0.13943758254122507,0.7351130650820693,0.9971913852196561
large,0.01,10,wwd,Post-evaluation worst regional deviation below weighted mean,fraction,0.02128144918672472,0.01036572965611704,0.02059921794189547,0.01961628118267264,0.0025689101779218237,0.06584854609628066
large,0.025,10,actual_price_of_fairness,Actual price of fairness,fraction_of_baseline_cost,0.023384536632440202,0.0249627638035691,0.0023099995167256654,0.003526038360453787,0.01910436692303774,0.0250000000000008
large,0.025,10,actual_robust_cost,Post-evaluation robust cost,model_cost_units,32026.135721589304,27726.01285681373,10175.828585451532,8388.187102380965,24085.569189788803,52253.6289696528
large,0.025,10,algorithm_runtime,Algorithm runtime,seconds,66.36796710998752,70.31164085003547,20.758210685973392,25.535523450176697,33.21858979994431,94.6227271000389
large,0.025,10,cut_count,Certified Farkas cuts,count,6.1,6.5,2.282785822435191,3.75,2.0,9.0
large,0.025,10,iterations,Algorithm iterations,count,7.1,7.5,2.282785822435191,3.75,3.0,10.0
large,0.025,10,minimum_weighted_mean_fill_rate,Worst-scenario demand-weighted mean regional fill rate,fraction,0.9242869308538605,0.9477442721893063,0.07778162495392585,0.11151661639200494,0.7925311176139489,1.0
large,0.025,10,objective_t,Certified robust worst-region shortage rate (T),fraction,0.07571306914613941,0.0522557278106935,0.07778162495392585,0.11151661639200497,0.0,0.20746888238605105
large,0.025,10,penalized_runtime_par2,PAR-2 algorithm runtime,seconds,66.36796710998752,70.31164085003547,20.758210685973392,25.535523450176697,33.21858979994431,94.6227271000389
large,0.025,10,post_evaluation_wall_runtime,Post-evaluation wall time,seconds,32.92348476047628,32.84192365105264,0.9705666058048873,0.7337028512265533,31.418874501250684,35.13900619978085
large,0.025,10,robust_minimum_fill_rate,Certified robust minimum regional fill-rate guarantee (1 - T),fraction,0.9242869308538605,0.9477442721893066,0.07778162495392585,0.11151661639200505,0.7925311176139489,1.0
large,0.025,10,scenario_count,Committed master scenario blocks,count,19.1,19.5,2.282785822435191,3.75,15.0,22.0
large,0.025,10,total_wall_runtime,Total wall time,seconds,121.7187460603891,124.92148914921563,20.813058499200412,21.729893902142067,87.15877080149949,151.23668769793585
large,0.025,10,wgap,Post-evaluation worst fill-rate range,fraction,0.04694515171393197,0.042623251847875965,0.0416666540320111,0.0628393338231594,0.0,0.11169153164642664
large,0.025,10,wminfr,Post-evaluation worst-scenario minimum regional fill rate,fraction,0.9242869308538604,0.9477442721893059,0.07778162495392595,0.11151661639200483,0.7925311176139487,1.0
large,0.025,10,wwd,Post-evaluation worst regional deviation below weighted mean,fraction,0.008539174543192307,0.009718364305566218,0.003474027830841215,0.002067572721503097,0.0,0.011380791014063751
large,0.05,10,actual_price_of_fairness,Actual price of fairness,fraction_of_baseline_cost,0.04039001297534237,0.04956237154483778,0.012307635867098368,0.022098757027323224,0.02319631973847991,0.05000000000000071
large,0.05,10,actual_robust_cost,Post-evaluation robust cost,model_cost_units,32613.71517655527,28392.017491828978,10577.374852183273,9044.301504159877,24141.238725162697,53528.1198143503
large,0.05,10,algorithm_runtime,Algorithm runtime,seconds,61.666705459984954,63.460914400056936,21.41797215210387,28.523243174829986,29.062795199919492,91.15965620009229
large,0.05,10,cut_count,Certified Farkas cuts,count,5.7,5.5,2.4517567397911058,4.0,2.0,9.0
large,0.05,10,iterations,Algorithm iterations,count,6.7,6.5,2.4517567397911058,4.0,3.0,10.0
large,0.05,10,minimum_weighted_mean_fill_rate,Worst-scenario demand-weighted mean regional fill rate,fraction,0.9256045307247293,0.9486682745576773,0.07658613563636832,0.10815829056705462,0.7951244737127523,1.0
large,0.05,10,objective_t,Certified robust worst-region shortage rate (T),fraction,0.07439546927527066,0.05133172544232256,0.07658613563636837,0.10815829056705459,0.0,0.20487552628724778
large,0.05,10,penalized_runtime_par2,PAR-2 algorithm runtime,seconds,61.666705459984954,63.460914400056936,21.41797215210387,28.523243174829986,29.062795199919492,91.15965620009229
large,0.05,10,post_evaluation_wall_runtime,Post-evaluation wall time,seconds,32.84090005012695,32.85632484953385,0.889912960204695,0.4543769750162028,31.697902099695057,35.07628730358556
large,0.05,10,robust_minimum_fill_rate,Certified robust minimum regional fill-rate guarantee (1 - T),fraction,0.9256045307247293,0.9486682745576774,0.07658613563636837,0.10815829056705462,0.7951244737127522,1.0
large,0.05,10,scenario_count,Committed master scenario blocks,count,18.7,18.5,2.4517567397911058,4.0,15.0,22.0
large,0.05,10,total_wall_runtime,Total wall time,seconds,116.83431524988264,118.63038079836406,21.51621799710702,28.15681619895622,82.7362180983182,147.41985029680654
large,0.05,10,wgap,Post-evaluation worst fill-rate range,fraction,0.04634149556857457,0.04604145405579879,0.040047071303049034,0.06076339825206806,0.0,0.10565415763387942
large,0.05,10,wminfr,Post-evaluation worst-scenario minimum regional fill rate,fraction,0.9256045307247291,0.9486682745576771,0.07658613563636843,0.10815829056705473,0.7951244737127519,1.0
large,0.05,10,wwd,Post-evaluation worst regional deviation below weighted mean,fraction,0.008554869901345607,0.009732293121159419,0.0034826814023854362,0.0020823305877502862,0.0,0.011383615466284192
large,0.1,10,actual_price_of_fairness,Actual price of fairness,fraction_of_baseline_cost,0.07483331263353458,0.09987981874541785,0.03259189283007235,0.05942700275457302,0.029181263147858516,0.10000000000000031
large,0.1,10,actual_robust_cost,Post-evaluation robust cost,model_cost_units,33799.02465321083,29752.747882502445,11381.584760500618,10369.93034234285,24489.04773134173,56077.04376574543
large,0.1,10,algorithm_runtime,Algorithm runtime,seconds,54.85905923997052,52.72195954993367,18.142432198645718,33.73460979992524,34.872264500008896,82.15856650006026
large,0.1,10,cut_count,Certified Farkas cuts,count,5.5,5.0,2.5495097567963922,5.0,3.0,9.0
large,0.1,10,iterations,Algorithm iterations,count,6.5,6.0,2.5495097567963922,5.0,4.0,10.0
large,0.1,10,minimum_weighted_mean_fill_rate,Worst-scenario demand-weighted mean regional fill rate,fraction,0.9274836392696564,0.9494677183444679,0.07468434697161115,0.10437568231093408,0.7996773405875659,1.0
large,0.1,10,objective_t,Certified robust worst-region shortage rate (T),fraction,0.07251636073034357,0.05053228165553214,0.07468434697161114,0.10437568231093405,0.0,0.2003226594124341
large,0.1,10,penalized_runtime_par2,PAR-2 algorithm runtime,seconds,54.85905923997052,52.72195954993367,18.142432198645718,33.73460979992524,34.872264500008896,82.15856650006026
large,0.1,10,post_evaluation_wall_runtime,Post-evaluation wall time,seconds,32.8287001194898,32.65325109940022,0.855947424982111,1.3891050758538768,31.892337099881843,34.40672320011072
large,0.1,10,robust_minimum_fill_rate,Certified robust minimum regional fill-rate guarantee (1 - T),fraction,0.9274836392696564,0.9494677183444679,0.07468434697161112,0.10437568231093397,0.7996773405875659,1.0
large,0.1,10,scenario_count,Committed master scenario blocks,count,18.5,18.0,2.5495097567963922,5.0,16.0,22.0
large,0.1,10,total_wall_runtime,Total wall time,seconds,110.03414262980223,105.89604064950254,18.548990587800958,33.42291207576636,91.07447460107505,140.36754399677739
large,0.1,10,wgap,Post-evaluation worst fill-rate range,fraction,0.04071652619806472,0.03849858499483305,0.03389121984098773,0.057650123394641734,0.0,0.09071116547127878
large,0.1,10,wminfr,Post-evaluation worst-scenario minimum regional fill rate,fraction,0.9274836392696562,0.9494677183444677,0.07468434697161136,0.10437568231093464,0.7996773405875655,1.0
large,0.1,10,wwd,Post-evaluation worst regional deviation below weighted mean,fraction,0.008552399281965361,0.009696712638878946,0.0034822626291178115,0.002062754715317694,0.0,0.011388652077155448
