entry_path,size_bytes,sha256
./manifest.json,7663,8AE9F614B3755BF2DA6AF6B4A0CCC3FE6C6AF27ACA5F95C96C932B9CBC03A17E
./resolved_config.yaml,3727,40339DEEF1FA1D669C5C2BFEAE95BB23D35BCF1D29D50295662B0AD76C095591
./results.csv,1430,5B3E2E2D56D39C73BAA540EF33EF49FBECBCBDAA6AD5E4E40E8EBD9C1AF8169E
./summary.csv,283,E5E959B137011F013D6ADA328E2ED7A896970CEE0130D04A1EECEC4B16B5A4BF
./runs/r_54dbe9e4cb93459cc0633ef3/algorithm_checkpoint.json,78505967,39B766CAE2AE88F6827C3291D7F0EF3C0BE73A6B26191135F705FF5FA4F211D9
./runs/r_54dbe9e4cb93459cc0633ef3/run.json,6390838,ED190D5048AF97D61D04EAA61BCA31271276FD284222EC2D5A325AB32642EFD1
./runs/r_54dbe9e4cb93459cc0633ef3/status.json,111,C69524EAE2ED0C1D174FFCC874408342BB31784938A9368CC7A1DFEF1DD886A4
./runs/r_48466d3c8cecfc4d9efb613d/baseline_checkpoint.json,4300658,FA985A1C151564E4EF316BC80E8C21C4A04FA49B79EEA3A3C10B9C25DC6CA830
./runs/r_48466d3c8cecfc4d9efb613d/run.json,4301245,2B674B1109ADB38A2ACE59C72B528EEABDB75BC0D6F58C009725779C53A4D7F3
./runs/r_48466d3c8cecfc4d9efb613d/status.json,77,8785BDF70128C89B2AAA18B7C88A5D7952EE0CCE1235525A62C4F43605A7F7EA
./instances/160.json,19046,352159DD65C8D0240C124839CAB15FDEF8DFE9D984435F45AEFFA92CDBABB410
