scale,gamma,comparison_type,metric,statistic,value,seed_count
medium_large,0,level,baseline_robust_cost,mean,18562.049920914556,5
medium_large,0,level,baseline_robust_cost,median,17160.351293593158,5
medium_large,0,level,baseline_robust_cost,std,4041.533544226735,5
medium_large,0,level,baseline_robust_cost,iqr,1479.52785128896,5
medium_large,0,level,baseline_robust_cost,min,15459.856296914584,5
medium_large,0,level,baseline_robust_cost,max,25594.55733817002,5
medium_large,0,level,cost_budget,mean,19026.10116893742,5
medium_large,0,level,cost_budget,median,17589.360075932986,5
medium_large,0,level,cost_budget,std,4142.571882832404,5
medium_large,0,level,cost_budget,iqr,1516.5160475711855,5
medium_large,0,level,cost_budget,min,15846.352704337447,5
medium_large,0,level,cost_budget,max,26234.42127162427,5
medium_large,0,level,actual_robust_cost,mean,18954.752006297414,5
medium_large,0,level,actual_robust_cost,median,17419.177174064782,5
medium_large,0,level,actual_robust_cost,std,4181.31513815346,5
medium_large,0,level,actual_robust_cost,iqr,1702.8768633718864,5
medium_large,0,level,actual_robust_cost,min,15846.35270433745,5
medium_large,0,level,actual_robust_cost,max,26234.21917609314,5
medium_large,0,level,actual_price_of_fairness,mean,0.020763968406723565,5
medium_large,0,level,actual_price_of_fairness,median,0.02499210396458662,5
medium_large,0,level,actual_price_of_fairness,std,0.005816087118557629,5
medium_large,0,level,actual_price_of_fairness,iqr,0.00991721550197755,5
medium_large,0,level,actual_price_of_fairness,min,0.0137449535710088,5
medium_large,0,level,actual_price_of_fairness,max,0.025000000000000133,5
medium_large,0,level,objective_t,mean,0.047833492337391204,5
medium_large,0,level,objective_t,median,0.0,5
medium_large,0,level,objective_t,std,0.07016505413215009,5
medium_large,0,level,objective_t,iqr,0.08400131336984547,5
medium_large,0,level,objective_t,min,0.0,5
medium_large,0,level,objective_t,max,0.15516614831711054,5
medium_large,0,level,robust_minimum_fill_rate,mean,0.9521665076626087,5
medium_large,0,level,robust_minimum_fill_rate,median,1.0,5
medium_large,0,level,robust_minimum_fill_rate,std,0.07016505413215009,5
medium_large,0,level,robust_minimum_fill_rate,iqr,0.08400131336984551,5
medium_large,0,level,robust_minimum_fill_rate,min,0.8448338516828895,5
medium_large,0,level,robust_minimum_fill_rate,max,1.0,5
medium_large,0,level,wminfr,mean,0.9521665076626087,5
medium_large,0,level,wminfr,median,1.0,5
medium_large,0,level,wminfr,std,0.07016505413215009,5
medium_large,0,level,wminfr,iqr,0.08400131336984551,5
medium_large,0,level,wminfr,min,0.8448338516828895,5
medium_large,0,level,wminfr,max,1.0,5
medium_large,0,level,minimum_weighted_mean_fill_rate,mean,0.9521665076626087,5
medium_large,0,level,minimum_weighted_mean_fill_rate,median,1.0,5
medium_large,0,level,minimum_weighted_mean_fill_rate,std,0.07016505413215009,5
medium_large,0,level,minimum_weighted_mean_fill_rate,iqr,0.08400131336984551,5
medium_large,0,level,minimum_weighted_mean_fill_rate,min,0.8448338516828895,5
medium_large,0,level,minimum_weighted_mean_fill_rate,max,1.0,5
medium_large,0,level,inventory,mean,3712.934452437683,5
medium_large,0,level,inventory,median,3720.0,5
medium_large,0,level,inventory,std,371.07675432812397,5
medium_large,0,level,inventory,iqr,394.7131707370813,5
medium_large,0,level,inventory,min,3150.385432925495,5
medium_large,0,level,inventory,max,4087.0,5
medium_large,0,level,opened_warehouses,mean,6.0,5
medium_large,0,level,opened_warehouses,median,6.0,5
medium_large,0,level,opened_warehouses,std,0.0,5
medium_large,0,level,opened_warehouses,iqr,0.0,5
medium_large,0,level,opened_warehouses,min,6.0,5
medium_large,0,level,opened_warehouses,max,6.0,5
medium_large,0,level,algorithm_runtime,mean,0.09092899999814108,5
medium_large,0,level,algorithm_runtime,median,0.06037389999255538,5
medium_large,0,level,algorithm_runtime,std,0.07471200847879365,5
medium_large,0,level,algorithm_runtime,iqr,0.013296999997692183,5
medium_large,0,level,algorithm_runtime,min,0.041193199998815544,5
medium_large,0,level,algorithm_runtime,max,0.22315349998825695,5
medium_large,0,level,master_runtime,mean,0.03332842000236269,5
medium_large,0,level,master_runtime,median,0.013962299999548122,5
medium_large,0,level,master_runtime,std,0.04539413819252737,5
medium_large,0,level,master_runtime,iqr,0.00029690000519622117,5
medium_large,0,level,master_runtime,min,0.010393200005637482,5
medium_large,0,level,master_runtime,max,0.11448570000356995,5
medium_large,0,level,separation_runtime,mean,0.02280126000114251,5
medium_large,0,level,separation_runtime,median,0.014351699996041134,5
medium_large,0,level,separation_runtime,std,0.01669846071808773,5
medium_large,0,level,separation_runtime,iqr,0.01216839998960495,5
medium_large,0,level,separation_runtime,min,0.009959200004232116,5
medium_large,0,level,separation_runtime,max,0.05077739999978803,5
medium_large,0,level,post_evaluation_wall_runtime,mean,0.008703339999192395,5
medium_large,0,level,post_evaluation_wall_runtime,median,0.006741000004694797,5
medium_large,0,level,post_evaluation_wall_runtime,std,0.006068052199711573,5
medium_large,0,level,post_evaluation_wall_runtime,iqr,0.0019693999929586425,5
medium_large,0,level,post_evaluation_wall_runtime,min,0.0032799000036902726,5
medium_large,0,level,post_evaluation_wall_runtime,max,0.019077199991443194,5
medium_large,0,level,total_wall_runtime,mean,0.1067371799988905,5
medium_large,0,level,total_wall_runtime,median,0.07268689999182243,5
medium_large,0,level,total_wall_runtime,std,0.08564567464277743,5
medium_large,0,level,total_wall_runtime,iqr,0.013755999971181154,5
medium_large,0,level,total_wall_runtime,min,0.047207499999785796,5
medium_large,0,level,total_wall_runtime,max,0.257996699976502,5
medium_large,0,level,penalized_runtime_par2,mean,0.09092899999814108,5
medium_large,0,level,penalized_runtime_par2,median,0.06037389999255538,5
medium_large,0,level,penalized_runtime_par2,std,0.07471200847879365,5
medium_large,0,level,penalized_runtime_par2,iqr,0.013296999997692183,5
medium_large,0,level,penalized_runtime_par2,min,0.041193199998815544,5
medium_large,0,level,penalized_runtime_par2,max,0.22315349998825695,5
medium_large,0,level,iterations,mean,1.0,5
medium_large,0,level,iterations,median,1.0,5
medium_large,0,level,iterations,std,0.0,5
medium_large,0,level,iterations,iqr,0.0,5
medium_large,0,level,iterations,min,1.0,5
medium_large,0,level,iterations,max,1.0,5
medium_large,0,level,scenario_block_count,mean,1.0,5
medium_large,0,level,scenario_block_count,median,1.0,5
medium_large,0,level,scenario_block_count,std,0.0,5
medium_large,0,level,scenario_block_count,iqr,0.0,5
medium_large,0,level,scenario_block_count,min,1.0,5
medium_large,0,level,scenario_block_count,max,1.0,5
medium_large,0,level,certified_farkas_cut_count,mean,0.0,5
medium_large,0,level,certified_farkas_cut_count,median,0.0,5
medium_large,0,level,certified_farkas_cut_count,std,0.0,5
medium_large,0,level,certified_farkas_cut_count,iqr,0.0,5
medium_large,0,level,certified_farkas_cut_count,min,0.0,5
medium_large,0,level,certified_farkas_cut_count,max,0.0,5
medium_large,1,level,baseline_robust_cost,mean,19458.057131483634,5
medium_large,1,level,baseline_robust_cost,median,17598.582473317656,5
medium_large,1,level,baseline_robust_cost,std,4684.360540143311,5
medium_large,1,level,baseline_robust_cost,iqr,2407.5157965731414,5
medium_large,1,level,baseline_robust_cost,min,15859.057745515685,5
medium_large,1,level,baseline_robust_cost,max,27524.295880826823,5
medium_large,1,level,cost_budget,mean,19944.508559770722,5
medium_large,1,level,cost_budget,median,18038.547035150597,5
medium_large,1,level,cost_budget,std,4801.469553646893,5
medium_large,1,level,cost_budget,iqr,2467.7036914874698,5
medium_large,1,level,cost_budget,min,16255.534189153575,5
medium_large,1,level,cost_budget,max,28212.40327784749,5
medium_large,1,level,actual_robust_cost,mean,19857.11183689985,5
medium_large,1,level,actual_robust_cost,median,17959.190553772067,5
medium_large,1,level,actual_robust_cost,std,4866.2351701917,5
medium_large,1,level,actual_robust_cost,iqr,2678.028616468666,5
medium_large,1,level,actual_robust_cost,min,16108.231981158951,5
medium_large,1,level,actual_robust_cost,max,28212.403277847487,5
medium_large,1,level,actual_price_of_fairness,mean,0.019758858812472146,5
medium_large,1,level,actual_price_of_fairness,median,0.020490745831441393,5
medium_large,1,level,actual_price_of_fairness,std,0.005550245426791347,5
medium_large,1,level,actual_price_of_fairness,iqr,0.00928820680007103,5
medium_large,1,level,actual_price_of_fairness,min,0.012591755030991747,5
medium_large,1,level,actual_price_of_fairness,max,0.02499999999999969,5
medium_large,1,level,objective_t,mean,0.054493238100772154,5
medium_large,1,level,objective_t,median,0.007379603401655689,5
medium_large,1,level,objective_t,std,0.07300115440895918,5
medium_large,1,level,objective_t,iqr,0.08904988515671891,5
medium_large,1,level,objective_t,min,0.0,5
medium_large,1,level,objective_t,max,0.16461268954375616,5
medium_large,1,level,robust_minimum_fill_rate,mean,0.9455067618992278,5
medium_large,1,level,robust_minimum_fill_rate,median,0.9926203965983443,5
medium_large,1,level,robust_minimum_fill_rate,std,0.07300115440895921,5
medium_large,1,level,robust_minimum_fill_rate,iqr,0.08904988515671897,5
medium_large,1,level,robust_minimum_fill_rate,min,0.8353873104562438,5
medium_large,1,level,robust_minimum_fill_rate,max,1.0,5
medium_large,1,level,wminfr,mean,0.9455067618992278,5
medium_large,1,level,wminfr,median,0.9926203965983443,5
medium_large,1,level,wminfr,std,0.07300115440895923,5
medium_large,1,level,wminfr,iqr,0.08904988515671886,5
medium_large,1,level,wminfr,min,0.8353873104562437,5
medium_large,1,level,wminfr,max,1.0,5
medium_large,1,level,minimum_weighted_mean_fill_rate,mean,0.9455067618992279,5
medium_large,1,level,minimum_weighted_mean_fill_rate,median,0.9926203965983443,5
medium_large,1,level,minimum_weighted_mean_fill_rate,std,0.0730011544089592,5
medium_large,1,level,minimum_weighted_mean_fill_rate,iqr,0.08904988515671886,5
medium_large,1,level,minimum_weighted_mean_fill_rate,min,0.8353873104562438,5
medium_large,1,level,minimum_weighted_mean_fill_rate,max,1.0,5
medium_large,1,level,inventory,mean,3768.1579793877963,5
medium_large,1,level,inventory,median,3913.1,5
medium_large,1,level,inventory,std,402.71113993066814,5
medium_large,1,level,inventory,iqr,419.3359059151494,5
medium_large,1,level,inventory,min,3149.5354685166076,5
medium_large,1,level,inventory,max,4160.274558771868,5
medium_large,1,level,opened_warehouses,mean,6.0,5
medium_large,1,level,opened_warehouses,median,6.0,5
medium_large,1,level,opened_warehouses,std,0.0,5
medium_large,1,level,opened_warehouses,iqr,0.0,5
medium_large,1,level,opened_warehouses,min,6.0,5
medium_large,1,level,opened_warehouses,max,6.0,5
medium_large,1,level,algorithm_runtime,mean,2.786436519995914,5
medium_large,1,level,algorithm_runtime,median,2.001728399991407,5
medium_large,1,level,algorithm_runtime,std,1.5364296830569606,5
medium_large,1,level,algorithm_runtime,iqr,1.8687028999993345,5
medium_large,1,level,algorithm_runtime,min,1.349679399994784,5
medium_large,1,level,algorithm_runtime,max,5.0261318999982905,5
medium_large,1,level,master_runtime,mean,0.6749238999997033,5
medium_large,1,level,master_runtime,median,0.511831700001494,5
medium_large,1,level,master_runtime,std,0.3357148712479758,5
medium_large,1,level,master_runtime,iqr,0.5543621000106214,5
medium_large,1,level,master_runtime,min,0.3924451999919256,5
medium_large,1,level,master_runtime,max,1.1116467000101693,5
medium_large,1,level,separation_runtime,mean,1.974371060001431,5
medium_large,1,level,separation_runtime,median,1.349824599994463,5
medium_large,1,level,separation_runtime,std,1.1914368013344692,5
medium_large,1,level,separation_runtime,iqr,1.3174020999867935,5
medium_large,1,level,separation_runtime,min,0.8181358000001637,5
medium_large,1,level,separation_runtime,max,3.730236600007629,5
medium_large,1,level,post_evaluation_wall_runtime,mean,0.32007609999564013,5
medium_large,1,level,post_evaluation_wall_runtime,median,0.28529189999972004,5
medium_large,1,level,post_evaluation_wall_runtime,std,0.08717808101545338,5
medium_large,1,level,post_evaluation_wall_runtime,iqr,0.06030080000346061,5
medium_large,1,level,post_evaluation_wall_runtime,min,0.2516627999866614,5
medium_large,1,level,post_evaluation_wall_runtime,max,0.46744060001219623,5
medium_large,1,level,total_wall_runtime,mean,3.148073619991192,5
medium_large,1,level,total_wall_runtime,median,2.527793599976576,5
medium_large,1,level,total_wall_runtime,std,1.5311978622961024,5
medium_large,1,level,total_wall_runtime,iqr,1.8426272999786306,5
medium_large,1,level,total_wall_runtime,min,1.6530100999807473,5
medium_large,1,level,total_wall_runtime,max,5.395720300002722,5
medium_large,1,level,penalized_runtime_par2,mean,2.786436519995914,5
medium_large,1,level,penalized_runtime_par2,median,2.001728399991407,5
medium_large,1,level,penalized_runtime_par2,std,1.5364296830569606,5
medium_large,1,level,penalized_runtime_par2,iqr,1.8687028999993345,5
medium_large,1,level,penalized_runtime_par2,min,1.349679399994784,5
medium_large,1,level,penalized_runtime_par2,max,5.0261318999982905,5
medium_large,1,level,iterations,mean,2.0,5
medium_large,1,level,iterations,median,2.0,5
medium_large,1,level,iterations,std,1.0,5
medium_large,1,level,iterations,iqr,2.0,5
medium_large,1,level,iterations,min,1.0,5
medium_large,1,level,iterations,max,3.0,5
medium_large,1,level,scenario_block_count,mean,12.0,5
medium_large,1,level,scenario_block_count,median,12.0,5
medium_large,1,level,scenario_block_count,std,1.0,5
medium_large,1,level,scenario_block_count,iqr,2.0,5
medium_large,1,level,scenario_block_count,min,11.0,5
medium_large,1,level,scenario_block_count,max,13.0,5
medium_large,1,level,certified_farkas_cut_count,mean,1.0,5
medium_large,1,level,certified_farkas_cut_count,median,1.0,5
medium_large,1,level,certified_farkas_cut_count,std,1.0,5
medium_large,1,level,certified_farkas_cut_count,iqr,2.0,5
medium_large,1,level,certified_farkas_cut_count,min,0.0,5
medium_large,1,level,certified_farkas_cut_count,max,2.0,5
medium_large,2,level,baseline_robust_cost,mean,20281.763385806003,5
medium_large,2,level,baseline_robust_cost,median,18001.624992270536,5
medium_large,2,level,baseline_robust_cost,std,5242.496191972425,5
medium_large,2,level,baseline_robust_cost,iqr,3371.658637966764,5
medium_large,2,level,baseline_robust_cost,min,16195.5483015357,5
medium_large,2,level,baseline_robust_cost,max,29178.573691642436,5
medium_large,2,level,cost_budget,mean,20788.80747045115,5
medium_large,2,level,cost_budget,median,18451.6656170773,5
medium_large,2,level,cost_budget,std,5373.558596771735,5
medium_large,2,level,cost_budget,iqr,3455.950103915933,5
medium_large,2,level,cost_budget,min,16600.437009074092,5
medium_large,2,level,cost_budget,max,29908.038033933495,5
medium_large,2,level,actual_robust_cost,mean,20764.47144190644,5
medium_large,2,level,actual_robust_cost,median,18451.55170450367,5
medium_large,2,level,actual_robust_cost,std,5393.753535727384,5
medium_large,2,level,actual_robust_cost,iqr,3521.939717914447,5
medium_large,2,level,actual_robust_cost,min,16544.86039292268,5
medium_large,2,level,actual_robust_cost,max,29908.038033933502,5
medium_large,2,level,actual_price_of_fairness,mean,0.0235508806880524,5
medium_large,2,level,actual_price_of_fairness,median,0.024993672094953734,5
medium_large,2,level,actual_price_of_fairness,std,0.001985857910167692,5
medium_large,2,level,actual_price_of_fairness,iqr,0.0034315983081685264,5
medium_large,2,level,actual_price_of_fairness,min,0.021192329653476838,5
medium_large,2,level,actual_price_of_fairness,max,0.025000000000000133,5
medium_large,2,level,objective_t,mean,0.06225168002314968,5
medium_large,2,level,objective_t,median,0.015807441268575945,5
medium_large,2,level,objective_t,std,0.07406699976782113,5
medium_large,2,level,objective_t,iqr,0.09145342235986534,5
medium_large,2,level,objective_t,min,0.004491570151391565,5
medium_large,2,level,objective_t,max,0.1729206649319224,5
medium_large,2,level,robust_minimum_fill_rate,mean,0.9377483199768504,5
medium_large,2,level,robust_minimum_fill_rate,median,0.9841925587314241,5
medium_large,2,level,robust_minimum_fill_rate,std,0.07406699976782113,5
medium_large,2,level,robust_minimum_fill_rate,iqr,0.09145342235986531,5
medium_large,2,level,robust_minimum_fill_rate,min,0.8270793350680776,5
medium_large,2,level,robust_minimum_fill_rate,max,0.9955084298486084,5
medium_large,2,level,wminfr,mean,0.9377483199768502,5
medium_large,2,level,wminfr,median,0.984192558731424,5
medium_large,2,level,wminfr,std,0.07406699976782131,5
medium_large,2,level,wminfr,iqr,0.0914534223598652,5
medium_large,2,level,wminfr,min,0.827079335068077,5
medium_large,2,level,wminfr,max,0.9955084298486083,5
medium_large,2,level,minimum_weighted_mean_fill_rate,mean,0.9377483199768504,5
medium_large,2,level,minimum_weighted_mean_fill_rate,median,0.9841925587314241,5
medium_large,2,level,minimum_weighted_mean_fill_rate,std,0.07406699976782118,5
medium_large,2,level,minimum_weighted_mean_fill_rate,iqr,0.09145342235986531,5
medium_large,2,level,minimum_weighted_mean_fill_rate,min,0.8270793350680775,5
medium_large,2,level,minimum_weighted_mean_fill_rate,max,0.9955084298486084,5
medium_large,2,level,inventory,mean,3778.824380953527,5
medium_large,2,level,inventory,median,3975.204394182684,5
medium_large,2,level,inventory,std,409.146932177996,5
medium_large,2,level,inventory,iqr,424.16767268754256,5
medium_large,2,level,inventory,min,3149.658711426201,5
medium_large,2,level,inventory,max,4158.028411168911,5
medium_large,2,level,opened_warehouses,mean,6.0,5
medium_large,2,level,opened_warehouses,median,6.0,5
medium_large,2,level,opened_warehouses,std,0.0,5
medium_large,2,level,opened_warehouses,iqr,0.0,5
medium_large,2,level,opened_warehouses,min,6.0,5
medium_large,2,level,opened_warehouses,max,6.0,5
medium_large,2,level,algorithm_runtime,mean,22.03424230000237,5
medium_large,2,level,algorithm_runtime,median,21.003595200003474,5
medium_large,2,level,algorithm_runtime,std,6.4820576857107906,5
medium_large,2,level,algorithm_runtime,iqr,4.491579200010165,5
medium_large,2,level,algorithm_runtime,min,13.803194300009636,5
medium_large,2,level,algorithm_runtime,max,31.476302199997008,5
medium_large,2,level,master_runtime,mean,3.715544740005862,5
medium_large,2,level,master_runtime,median,4.235358199977782,5
medium_large,2,level,master_runtime,std,1.6140952263343646,5
medium_large,2,level,master_runtime,iqr,1.497667600022396,5
medium_large,2,level,master_runtime,min,1.2086365000141086,5
medium_large,2,level,master_runtime,max,5.353864800024894,5
medium_large,2,level,separation_runtime,mean,18.096428560005734,5
medium_large,2,level,separation_runtime,median,15.450718600026448,5
medium_large,2,level,separation_runtime,std,5.592676987723206,5
medium_large,2,level,separation_runtime,iqr,5.499537600058829,5
medium_large,2,level,separation_runtime,min,12.465476199999102,5
medium_large,2,level,separation_runtime,max,26.538501800008817,5
medium_large,2,level,post_evaluation_wall_runtime,mean,8.854737380024744,5
medium_large,2,level,post_evaluation_wall_runtime,median,8.49366850007209,5
medium_large,2,level,post_evaluation_wall_runtime,std,0.6831412033807005,5
medium_large,2,level,post_evaluation_wall_runtime,iqr,0.6436525999451987,5
medium_large,2,level,post_evaluation_wall_runtime,min,8.365008599997964,5
medium_large,2,level,post_evaluation_wall_runtime,max,9.974236400041264,5
medium_large,2,level,total_wall_runtime,mean,34.93500804000068,5
medium_large,2,level,total_wall_runtime,median,35.75258289996418,5
medium_large,2,level,total_wall_runtime,std,6.352577256964881,5
medium_large,2,level,total_wall_runtime,iqr,3.5065280002600048,5
medium_large,2,level,total_wall_runtime,min,25.88179189999937,5
medium_large,2,level,total_wall_runtime,max,43.455764199985424,5
medium_large,2,level,penalized_runtime_par2,mean,22.03424230000237,5
medium_large,2,level,penalized_runtime_par2,median,21.003595200003474,5
medium_large,2,level,penalized_runtime_par2,std,6.4820576857107906,5
medium_large,2,level,penalized_runtime_par2,iqr,4.491579200010165,5
medium_large,2,level,penalized_runtime_par2,min,13.803194300009636,5
medium_large,2,level,penalized_runtime_par2,max,31.476302199997008,5
medium_large,2,level,iterations,mean,5.4,5
medium_large,2,level,iterations,median,5.0,5
medium_large,2,level,iterations,std,2.073644135332772,5
medium_large,2,level,iterations,iqr,3.0,5
medium_large,2,level,iterations,min,3.0,5
medium_large,2,level,iterations,max,8.0,5
medium_large,2,level,scenario_block_count,mean,15.4,5
medium_large,2,level,scenario_block_count,median,15.0,5
medium_large,2,level,scenario_block_count,std,2.073644135332772,5
medium_large,2,level,scenario_block_count,iqr,3.0,5
medium_large,2,level,scenario_block_count,min,13.0,5
medium_large,2,level,scenario_block_count,max,18.0,5
medium_large,2,level,certified_farkas_cut_count,mean,4.4,5
medium_large,2,level,certified_farkas_cut_count,median,4.0,5
medium_large,2,level,certified_farkas_cut_count,std,2.073644135332772,5
medium_large,2,level,certified_farkas_cut_count,iqr,3.0,5
medium_large,2,level,certified_farkas_cut_count,min,2.0,5
medium_large,2,level,certified_farkas_cut_count,max,7.0,5
medium_large,0_to_1,paired_delta,baseline_robust_cost,mean,896.0072105690746,5
medium_large,0_to_1,paired_delta,baseline_robust_cost,median,438.23117972449836,5
medium_large,0_to_1,paired_delta,baseline_robust_cost,std,699.7657580505742,5
medium_large,0_to_1,paired_delta,baseline_robust_cost,iqr,921.2249649724745,5
medium_large,0_to_1,paired_delta,baseline_robust_cost,min,392.4384682893942,5
medium_large,0_to_1,paired_delta,baseline_robust_cost,max,1929.7385426568035,5
medium_large,0_to_1,paired_delta,cost_budget,mean,918.4073908333015,5
medium_large,0_to_1,paired_delta,cost_budget,median,449.18695921761173,5
medium_large,0_to_1,paired_delta,cost_budget,std,717.2599020018372,5
medium_large,0_to_1,paired_delta,cost_budget,iqr,944.2555890967869,5
medium_large,0_to_1,paired_delta,cost_budget,min,402.2494299966311,5
medium_large,0_to_1,paired_delta,cost_budget,max,1977.982006223221,5
medium_large,0_to_1,paired_delta,actual_robust_cost,mean,902.3598306024342,5
medium_large,0_to_1,paired_delta,actual_robust_cost,median,540.0133797072849,5
medium_large,0_to_1,paired_delta,actual_robust_cost,std,737.7385925732302,5
medium_large,0_to_1,paired_delta,actual_robust_cost,iqr,975.1517530967794,5
medium_large,0_to_1,paired_delta,actual_robust_cost,min,261.87927682150075,5
medium_large,0_to_1,paired_delta,actual_robust_cost,max,1978.1841017543484,5
medium_large,0_to_1,paired_delta,actual_price_of_fairness,mean,-0.0010051095942514188,5
medium_large,0_to_1,paired_delta,actual_price_of_fairness,median,-4.440892098500626e-16,5
medium_large,0_to_1,paired_delta,actual_price_of_fairness,std,0.005286670362393633,5
medium_large,0_to_1,paired_delta,actual_price_of_fairness,iqr,0.0011610945754301216,5
medium_large,0_to_1,paired_delta,actual_price_of_fairness,min,-0.009288206800071697,5
medium_large,0_to_1,paired_delta,actual_price_of_fairness,max,0.005407961333419031,5
medium_large,0_to_1,paired_delta,objective_t,mean,0.006659745763380962,5
medium_large,0_to_1,paired_delta,objective_t,median,0.007379603401655689,5
medium_large,0_to_1,paired_delta,objective_t,std,0.004193795202946027,5
medium_large,0_to_1,paired_delta,objective_t,iqr,0.003734535025780596,5
medium_large,0_to_1,paired_delta,objective_t,min,0.0,5
medium_large,0_to_1,paired_delta,objective_t,max,0.010760577987738468,5
medium_large,0_to_1,paired_delta,robust_minimum_fill_rate,mean,-0.006659745763380953,5
medium_large,0_to_1,paired_delta,robust_minimum_fill_rate,median,-0.0073796034016556655,5
medium_large,0_to_1,paired_delta,robust_minimum_fill_rate,std,0.004193795202946032,5
medium_large,0_to_1,paired_delta,robust_minimum_fill_rate,iqr,0.003734535025780694,5
medium_large,0_to_1,paired_delta,robust_minimum_fill_rate,min,-0.01076057798773844,5
medium_large,0_to_1,paired_delta,robust_minimum_fill_rate,max,0.0,5
medium_large,0_to_1,paired_delta,wminfr,mean,-0.006659745763380997,5
medium_large,0_to_1,paired_delta,wminfr,median,-0.0073796034016556655,5
medium_large,0_to_1,paired_delta,wminfr,std,0.004193795202946044,5
medium_large,0_to_1,paired_delta,wminfr,iqr,0.003734535025780694,5
medium_large,0_to_1,paired_delta,wminfr,min,-0.01076057798773844,5
medium_large,0_to_1,paired_delta,wminfr,max,0.0,5
medium_large,0_to_1,paired_delta,minimum_weighted_mean_fill_rate,mean,-0.006659745763380931,5
medium_large,0_to_1,paired_delta,minimum_weighted_mean_fill_rate,median,-0.0073796034016556655,5
medium_large,0_to_1,paired_delta,minimum_weighted_mean_fill_rate,std,0.004193795202946005,5
medium_large,0_to_1,paired_delta,minimum_weighted_mean_fill_rate,iqr,0.003734535025780694,5
medium_large,0_to_1,paired_delta,minimum_weighted_mean_fill_rate,min,-0.010760577987738329,5
medium_large,0_to_1,paired_delta,minimum_weighted_mean_fill_rate,max,0.0,5
medium_large,0_to_1,paired_delta,inventory,mean,55.22352695011377,5
medium_large,0_to_1,paired_delta,inventory,median,17.60788778282813,5
medium_large,0_to_1,paired_delta,inventory,std,83.31948984902898,5
medium_large,0_to_1,paired_delta,inventory,iqr,74.12452318075566,5
medium_large,0_to_1,paired_delta,inventory,min,-7.01484739523994,5
medium_large,0_to_1,paired_delta,inventory,max,193.0999999999999,5
medium_large,0_to_1,paired_delta,opened_warehouses,mean,0.0,5
medium_large,0_to_1,paired_delta,opened_warehouses,median,0.0,5
medium_large,0_to_1,paired_delta,opened_warehouses,std,0.0,5
medium_large,0_to_1,paired_delta,opened_warehouses,iqr,0.0,5
medium_large,0_to_1,paired_delta,opened_warehouses,min,0.0,5
medium_large,0_to_1,paired_delta,opened_warehouses,max,0.0,5
medium_large,0_to_1,paired_delta,algorithm_runtime,mean,2.695507519997773,5
medium_large,0_to_1,paired_delta,algorithm_runtime,median,1.801776799999061,5
medium_large,0_to_1,paired_delta,algorithm_runtime,std,1.5522199262502852,5
medium_large,0_to_1,paired_delta,algorithm_runtime,iqr,1.8747842999873683,5
medium_large,0_to_1,paired_delta,algorithm_runtime,min,1.2893055000022287,5
medium_large,0_to_1,paired_delta,algorithm_runtime,max,4.954521199993906,5
medium_large,0_to_1,paired_delta,master_runtime,mean,0.6415954799973406,5
medium_large,0_to_1,paired_delta,master_runtime,median,0.3973459999979241,5
medium_large,0_to_1,paired_delta,master_runtime,std,0.34987241378558426,5
medium_large,0_to_1,paired_delta,master_runtime,iqr,0.5541518000100041,5
medium_large,0_to_1,paired_delta,master_runtime,min,0.38205199998628814,5
medium_large,0_to_1,paired_delta,master_runtime,max,1.0975978000060422,5
medium_large,0_to_1,paired_delta,separation_runtime,mean,1.9515698000002886,5
medium_large,0_to_1,paired_delta,separation_runtime,median,1.318168900004821,5
medium_large,0_to_1,paired_delta,separation_runtime,std,1.1987842199625012,5
medium_large,0_to_1,paired_delta,separation_runtime,iqr,1.3321313000051305,5
medium_large,0_to_1,paired_delta,separation_runtime,min,0.7925926000025356,5
medium_large,0_to_1,paired_delta,separation_runtime,max,3.716861799999606,5
medium_large,0_to_1,paired_delta,post_evaluation_wall_runtime,mean,0.3113727599964477,5
medium_large,0_to_1,paired_delta,post_evaluation_wall_runtime,median,0.28201199999602977,5
medium_large,0_to_1,paired_delta,post_evaluation_wall_runtime,std,0.08151171315316932,5
medium_large,0_to_1,paired_delta,post_evaluation_wall_runtime,iqr,0.05884780001360923,5
medium_large,0_to_1,paired_delta,post_evaluation_wall_runtime,min,0.24543819998507388,5
medium_large,0_to_1,paired_delta,post_evaluation_wall_runtime,max,0.44836340002075303,5
medium_large,0_to_1,paired_delta,total_wall_runtime,mean,3.041336439992301,5
medium_large,0_to_1,paired_delta,total_wall_runtime,median,2.269796900000074,5
medium_large,0_to_1,paired_delta,total_wall_runtime,std,1.543995369346437,5
medium_large,0_to_1,paired_delta,total_wall_runtime,iqr,1.8188153999508359,5
medium_large,0_to_1,paired_delta,total_wall_runtime,min,1.580323199988925,5
medium_large,0_to_1,paired_delta,total_wall_runtime,max,5.31094490000396,5
medium_large,0_to_1,paired_delta,penalized_runtime_par2,mean,2.695507519997773,5
medium_large,0_to_1,paired_delta,penalized_runtime_par2,median,1.801776799999061,5
medium_large,0_to_1,paired_delta,penalized_runtime_par2,std,1.5522199262502852,5
medium_large,0_to_1,paired_delta,penalized_runtime_par2,iqr,1.8747842999873683,5
medium_large,0_to_1,paired_delta,penalized_runtime_par2,min,1.2893055000022287,5
medium_large,0_to_1,paired_delta,penalized_runtime_par2,max,4.954521199993906,5
medium_large,0_to_1,paired_delta,iterations,mean,1.0,5
medium_large,0_to_1,paired_delta,iterations,median,1.0,5
medium_large,0_to_1,paired_delta,iterations,std,1.0,5
medium_large,0_to_1,paired_delta,iterations,iqr,2.0,5
medium_large,0_to_1,paired_delta,iterations,min,0.0,5
medium_large,0_to_1,paired_delta,iterations,max,2.0,5
medium_large,0_to_1,paired_delta,scenario_block_count,mean,11.0,5
medium_large,0_to_1,paired_delta,scenario_block_count,median,11.0,5
medium_large,0_to_1,paired_delta,scenario_block_count,std,1.0,5
medium_large,0_to_1,paired_delta,scenario_block_count,iqr,2.0,5
medium_large,0_to_1,paired_delta,scenario_block_count,min,10.0,5
medium_large,0_to_1,paired_delta,scenario_block_count,max,12.0,5
medium_large,0_to_1,paired_delta,certified_farkas_cut_count,mean,1.0,5
medium_large,0_to_1,paired_delta,certified_farkas_cut_count,median,1.0,5
medium_large,0_to_1,paired_delta,certified_farkas_cut_count,std,1.0,5
medium_large,0_to_1,paired_delta,certified_farkas_cut_count,iqr,2.0,5
medium_large,0_to_1,paired_delta,certified_farkas_cut_count,min,0.0,5
medium_large,0_to_1,paired_delta,certified_farkas_cut_count,max,2.0,5
medium_large,1_to_2,paired_delta,baseline_robust_cost,mean,823.7062543223681,5
medium_large,1_to_2,paired_delta,baseline_robust_cost,median,403.0425189528796,5
medium_large,1_to_2,paired_delta,baseline_robust_cost,std,626.8891825165525,5
medium_large,1_to_2,paired_delta,baseline_robust_cost,iqr,964.1428413936228,5
medium_large,1_to_2,paired_delta,baseline_robust_cost,min,336.490556020015,5
medium_large,1_to_2,paired_delta,baseline_robust_cost,max,1654.2778108156126,5
medium_large,1_to_2,paired_delta,cost_budget,mean,844.2989106804278,5
medium_large,1_to_2,paired_delta,cost_budget,median,413.11858192670115,5
medium_large,1_to_2,paired_delta,cost_budget,std,642.5614120794669,5
medium_large,1_to_2,paired_delta,cost_budget,iqr,988.2464124284634,5
medium_large,1_to_2,paired_delta,cost_budget,min,344.9028199205168,5
medium_large,1_to_2,paired_delta,cost_budget,max,1695.634756086005,5
medium_large,1_to_2,paired_delta,actual_robust_cost,mean,907.359605006592,5
medium_large,1_to_2,paired_delta,actual_robust_cost,median,534.1313025029158,5
medium_large,1_to_2,paired_delta,actual_robust_cost,std,586.5217281059412,5
medium_large,1_to_2,paired_delta,actual_robust_cost,iqr,885.6812532170952,5
medium_large,1_to_2,paired_delta,actual_robust_cost,min,436.6284117637297,5
medium_large,1_to_2,paired_delta,actual_robust_cost,max,1695.6347560860158,5
medium_large,1_to_2,paired_delta,actual_price_of_fairness,mean,0.0037920218755802537,5
medium_large,1_to_2,paired_delta,actual_price_of_fairness,median,0.004502926263512341,5
medium_large,1_to_2,paired_delta,actual_price_of_fairness,std,0.003763274580554732,5
medium_large,1_to_2,paired_delta,actual_price_of_fairness,iqr,0.005856608491902504,5
medium_large,1_to_2,paired_delta,actual_price_of_fairness,min,4.440892098500626e-16,5
medium_large,1_to_2,paired_delta,actual_price_of_fairness,max,0.008600574622485091,5
medium_large,1_to_2,paired_delta,objective_t,mean,0.007758441922377518,5
medium_large,1_to_2,paired_delta,objective_t,median,0.008307975388166244,5
medium_large,1_to_2,paired_delta,objective_t,std,0.0020253430961440183,5
medium_large,1_to_2,paired_delta,objective_t,iqr,0.0008471933657887088,5
medium_large,1_to_2,paired_delta,objective_t,min,0.004491570151391565,5
medium_large,1_to_2,paired_delta,objective_t,max,0.009984181704277978,5
medium_large,1_to_2,paired_delta,robust_minimum_fill_rate,mean,-0.0077584419223775125,5
medium_large,1_to_2,paired_delta,robust_minimum_fill_rate,median,-0.008307975388166189,5
medium_large,1_to_2,paired_delta,robust_minimum_fill_rate,std,0.002025343096144005,5
medium_large,1_to_2,paired_delta,robust_minimum_fill_rate,iqr,0.0008471933657886455,5
medium_large,1_to_2,paired_delta,robust_minimum_fill_rate,min,-0.00998418170427795,5
medium_large,1_to_2,paired_delta,robust_minimum_fill_rate,max,-0.004491570151391566,5
medium_large,1_to_2,paired_delta,wminfr,mean,-0.007758441922377668,5
medium_large,1_to_2,paired_delta,wminfr,median,-0.008307975388166744,5
medium_large,1_to_2,paired_delta,wminfr,std,0.002025343096144007,5
medium_large,1_to_2,paired_delta,wminfr,iqr,0.0008471933657887565,5
medium_large,1_to_2,paired_delta,wminfr,min,-0.00998418170427795,5
medium_large,1_to_2,paired_delta,wminfr,max,-0.004491570151391677,5
medium_large,1_to_2,paired_delta,minimum_weighted_mean_fill_rate,mean,-0.007758441922377557,5
medium_large,1_to_2,paired_delta,minimum_weighted_mean_fill_rate,median,-0.0083079753881663,5
medium_large,1_to_2,paired_delta,minimum_weighted_mean_fill_rate,std,0.002025343096144043,5
medium_large,1_to_2,paired_delta,minimum_weighted_mean_fill_rate,iqr,0.0008471933657886455,5
medium_large,1_to_2,paired_delta,minimum_weighted_mean_fill_rate,min,-0.009984181704278061,5
medium_large,1_to_2,paired_delta,minimum_weighted_mean_fill_rate,max,-0.004491570151391566,5
medium_large,1_to_2,paired_delta,inventory,mean,10.666401565730212,5
medium_large,1_to_2,paired_delta,inventory,median,-0.9088574441379933,5
medium_large,1_to_2,paired_delta,inventory,std,28.83980028150937,5
medium_large,1_to_2,paired_delta,inventory,iqr,2.3693905125510355,5
medium_large,1_to_2,paired_delta,inventory,min,-5.74062421653116,5
medium_large,1_to_2,paired_delta,inventory,max,62.104394182684246,5
medium_large,1_to_2,paired_delta,opened_warehouses,mean,0.0,5
medium_large,1_to_2,paired_delta,opened_warehouses,median,0.0,5
medium_large,1_to_2,paired_delta,opened_warehouses,std,0.0,5
medium_large,1_to_2,paired_delta,opened_warehouses,iqr,0.0,5
medium_large,1_to_2,paired_delta,opened_warehouses,min,0.0,5
medium_large,1_to_2,paired_delta,opened_warehouses,max,0.0,5
medium_large,1_to_2,paired_delta,algorithm_runtime,mean,19.247805780006455,5
medium_large,1_to_2,paired_delta,algorithm_runtime,median,19.001866800012067,5
medium_large,1_to_2,paired_delta,algorithm_runtime,std,6.045347997230486,5
medium_large,1_to_2,paired_delta,algorithm_runtime,iqr,3.998288600007072,5
medium_large,1_to_2,paired_delta,algorithm_runtime,min,10.091521400012425,5
medium_large,1_to_2,paired_delta,algorithm_runtime,max,26.450170299998717,5
medium_large,1_to_2,paired_delta,master_runtime,mean,3.0406208400061585,5
medium_large,1_to_2,paired_delta,master_runtime,median,3.5271192000072915,5
medium_large,1_to_2,paired_delta,master_runtime,std,1.729955673376333,5
medium_large,1_to_2,paired_delta,master_runtime,iqr,1.0845381999824895,5
medium_large,1_to_2,paired_delta,master_runtime,min,0.2521075000113342,5
medium_large,1_to_2,paired_delta,master_runtime,max,4.8420331000234,5
medium_large,1_to_2,paired_delta,separation_runtime,mean,16.122057500004303,5
medium_large,1_to_2,paired_delta,separation_runtime,median,14.445818499967572,5
medium_large,1_to_2,paired_delta,separation_runtime,std,5.0570460864647755,5
medium_large,1_to_2,paired_delta,separation_runtime,iqr,5.334469799985527,5
medium_large,1_to_2,paired_delta,separation_runtime,min,9.819946000003256,5
medium_large,1_to_2,paired_delta,separation_runtime,max,22.808265200001188,5
medium_large,1_to_2,paired_delta,post_evaluation_wall_runtime,mean,8.534661280029104,5
medium_large,1_to_2,paired_delta,post_evaluation_wall_runtime,median,8.20837660007237,5
medium_large,1_to_2,paired_delta,post_evaluation_wall_runtime,std,0.6138259284750054,5
medium_large,1_to_2,paired_delta,post_evaluation_wall_runtime,iqr,0.627473199943779,5
medium_large,1_to_2,paired_delta,post_evaluation_wall_runtime,min,8.036865600006422,5
medium_large,1_to_2,paired_delta,post_evaluation_wall_runtime,max,9.506795800029067,5
medium_large,1_to_2,paired_delta,total_wall_runtime,mean,31.786934420009494,5
medium_large,1_to_2,paired_delta,total_wall_runtime,median,33.224789299987606,5
medium_large,1_to_2,paired_delta,total_wall_runtime,std,6.051991235613155,5
medium_large,1_to_2,paired_delta,total_wall_runtime,iqr,2.998929700232111,5
medium_large,1_to_2,paired_delta,total_wall_runtime,min,21.8785562000121,5
medium_large,1_to_2,paired_delta,total_wall_runtime,max,38.0600438999827,5
medium_large,1_to_2,paired_delta,penalized_runtime_par2,mean,19.247805780006455,5
medium_large,1_to_2,paired_delta,penalized_runtime_par2,median,19.001866800012067,5
medium_large,1_to_2,paired_delta,penalized_runtime_par2,std,6.045347997230486,5
medium_large,1_to_2,paired_delta,penalized_runtime_par2,iqr,3.998288600007072,5
medium_large,1_to_2,paired_delta,penalized_runtime_par2,min,10.091521400012425,5
medium_large,1_to_2,paired_delta,penalized_runtime_par2,max,26.450170299998717,5
medium_large,1_to_2,paired_delta,iterations,mean,3.4,5
medium_large,1_to_2,paired_delta,iterations,median,4.0,5
medium_large,1_to_2,paired_delta,iterations,std,2.073644135332772,5
medium_large,1_to_2,paired_delta,iterations,iqr,2.0,5
medium_large,1_to_2,paired_delta,iterations,min,0.0,5
medium_large,1_to_2,paired_delta,iterations,max,5.0,5
medium_large,1_to_2,paired_delta,scenario_block_count,mean,3.4,5
medium_large,1_to_2,paired_delta,scenario_block_count,median,4.0,5
medium_large,1_to_2,paired_delta,scenario_block_count,std,2.073644135332772,5
medium_large,1_to_2,paired_delta,scenario_block_count,iqr,2.0,5
medium_large,1_to_2,paired_delta,scenario_block_count,min,0.0,5
medium_large,1_to_2,paired_delta,scenario_block_count,max,5.0,5
medium_large,1_to_2,paired_delta,certified_farkas_cut_count,mean,3.4,5
medium_large,1_to_2,paired_delta,certified_farkas_cut_count,median,4.0,5
medium_large,1_to_2,paired_delta,certified_farkas_cut_count,std,2.073644135332772,5
medium_large,1_to_2,paired_delta,certified_farkas_cut_count,iqr,2.0,5
medium_large,1_to_2,paired_delta,certified_farkas_cut_count,min,0.0,5
medium_large,1_to_2,paired_delta,certified_farkas_cut_count,max,5.0,5
large,0,level,baseline_robust_cost,mean,25565.85291768582,5
large,0,level,baseline_robust_cost,median,24338.2045780911,5
large,0,level,baseline_robust_cost,std,2967.5125138401095,5
large,0,level,baseline_robust_cost,iqr,819.088997956329,5
large,0,level,baseline_robust_cost,min,23890.80258250088,5
large,0,level,baseline_robust_cost,max,30835.945641925333,5
large,0,level,cost_budget,mean,26204.999240627967,5
large,0,level,cost_budget,median,24946.659692543373,5
large,0,level,cost_budget,std,3041.700326686112,5
large,0,level,cost_budget,iqr,839.5662229052359,5
large,0,level,cost_budget,min,24488.0726470634,5
large,0,level,cost_budget,max,31606.844282973463,5
large,0,level,actual_robust_cost,mean,26170.039858581138,5
large,0,level,actual_robust_cost,median,24909.363139497866,5
large,0,level,actual_robust_cost,std,3058.651804568458,5
large,0,level,actual_robust_cost,iqr,754.1958657165997,5
large,0,level,actual_robust_cost,min,24435.942647063406,5
large,0,level,actual_robust_cost,max,31606.84428297347,5
large,0,level,actual_price_of_fairness,mean,0.02356841098920235,5
large,0,level,actual_price_of_fairness,median,0.023467571717303848,5
large,0,level,actual_price_of_fairness,std,0.0014764826728929075,5
large,0,level,actual_price_of_fairness,iqr,0.002182011249725724,5
large,0,level,actual_price_of_fairness,min,0.021556494478433663,5
large,0,level,actual_price_of_fairness,max,0.025000000000000133,5
large,0,level,objective_t,mean,0.030084603978742193,5
large,0,level,objective_t,median,0.0,5
large,0,level,objective_t,std,0.06168548745499704,5
large,0,level,objective_t,iqr,0.010279730454609701,5
large,0,level,objective_t,min,0.0,5
large,0,level,objective_t,max,0.14014328943910126,5
large,0,level,robust_minimum_fill_rate,mean,0.9699153960212579,5
large,0,level,robust_minimum_fill_rate,median,1.0,5
large,0,level,robust_minimum_fill_rate,std,0.06168548745499704,5
large,0,level,robust_minimum_fill_rate,iqr,0.010279730454609726,5
large,0,level,robust_minimum_fill_rate,min,0.8598567105608987,5
large,0,level,robust_minimum_fill_rate,max,1.0,5
large,0,level,wminfr,mean,0.9699153960212576,5
large,0,level,wminfr,median,1.0,5
large,0,level,wminfr,std,0.061685487454997086,5
large,0,level,wminfr,iqr,0.010279730454609726,5
large,0,level,wminfr,min,0.8598567105608986,5
large,0,level,wminfr,max,1.0,5
large,0,level,minimum_weighted_mean_fill_rate,mean,0.9699153960212579,5
large,0,level,minimum_weighted_mean_fill_rate,median,1.0,5
large,0,level,minimum_weighted_mean_fill_rate,std,0.06168548745499704,5
large,0,level,minimum_weighted_mean_fill_rate,iqr,0.010279730454609726,5
large,0,level,minimum_weighted_mean_fill_rate,min,0.8598567105608987,5
large,0,level,minimum_weighted_mean_fill_rate,max,1.0,5
large,0,level,inventory,mean,5997.556971271682,5
large,0,level,inventory,median,6115.0,5
large,0,level,inventory,std,505.6697509121058,5
large,0,level,inventory,iqr,210.8399922690296,5
large,0,level,inventory,min,5131.6248486274435,5
large,0,level,inventory,max,6430.0,5
large,0,level,opened_warehouses,mean,8.0,5
large,0,level,opened_warehouses,median,8.0,5
large,0,level,opened_warehouses,std,0.0,5
large,0,level,opened_warehouses,iqr,0.0,5
large,0,level,opened_warehouses,min,8.0,5
large,0,level,opened_warehouses,max,8.0,5
large,0,level,algorithm_runtime,mean,0.11698477999598253,5
large,0,level,algorithm_runtime,median,0.11490319999575149,5
large,0,level,algorithm_runtime,std,0.030606986409792616,5
large,0,level,algorithm_runtime,iqr,0.03480040001159068,5
large,0,level,algorithm_runtime,min,0.0826292999990983,5
large,0,level,algorithm_runtime,max,0.16090499999700114,5
large,0,level,master_runtime,mean,0.02351655999664217,5
large,0,level,master_runtime,median,0.020096300009754486,5
large,0,level,master_runtime,std,0.008211693124583792,5
large,0,level,master_runtime,iqr,0.009432200007722713,5
large,0,level,master_runtime,min,0.016521099998499267,5
large,0,level,master_runtime,max,0.03624219998891931,5
large,0,level,separation_runtime,mean,0.03768736000347417,5
large,0,level,separation_runtime,median,0.03843530001176987,5
large,0,level,separation_runtime,std,0.0082029595848865,5
large,0,level,separation_runtime,iqr,0.007137200009310618,5
large,0,level,separation_runtime,min,0.025596400009817444,5
large,0,level,separation_runtime,max,0.04747090001183096,5
large,0,level,post_evaluation_wall_runtime,mean,0.014798760000849143,5
large,0,level,post_evaluation_wall_runtime,median,0.012334700004430488,5
large,0,level,post_evaluation_wall_runtime,std,0.006830958512114063,5
large,0,level,post_evaluation_wall_runtime,iqr,0.006247399986023083,5
large,0,level,post_evaluation_wall_runtime,min,0.008286199998110533,5
large,0,level,post_evaluation_wall_runtime,max,0.025613500009058043,5
large,0,level,total_wall_runtime,mean,0.1387884999916423,5
large,0,level,total_wall_runtime,median,0.13239609998709057,5
large,0,level,total_wall_runtime,std,0.04034943165677347,5
large,0,level,total_wall_runtime,iqr,0.04360030002135318,5
large,0,level,total_wall_runtime,min,0.09514069999568164,5
large,0,level,total_wall_runtime,max,0.19852780000655912,5
large,0,level,penalized_runtime_par2,mean,0.11698477999598253,5
large,0,level,penalized_runtime_par2,median,0.11490319999575149,5
large,0,level,penalized_runtime_par2,std,0.030606986409792616,5
large,0,level,penalized_runtime_par2,iqr,0.03480040001159068,5
large,0,level,penalized_runtime_par2,min,0.0826292999990983,5
large,0,level,penalized_runtime_par2,max,0.16090499999700114,5
large,0,level,iterations,mean,1.0,5
large,0,level,iterations,median,1.0,5
large,0,level,iterations,std,0.0,5
large,0,level,iterations,iqr,0.0,5
large,0,level,iterations,min,1.0,5
large,0,level,iterations,max,1.0,5
large,0,level,scenario_block_count,mean,1.0,5
large,0,level,scenario_block_count,median,1.0,5
large,0,level,scenario_block_count,std,0.0,5
large,0,level,scenario_block_count,iqr,0.0,5
large,0,level,scenario_block_count,min,1.0,5
large,0,level,scenario_block_count,max,1.0,5
large,0,level,certified_farkas_cut_count,mean,0.0,5
large,0,level,certified_farkas_cut_count,median,0.0,5
large,0,level,certified_farkas_cut_count,std,0.0,5
large,0,level,certified_farkas_cut_count,iqr,0.0,5
large,0,level,certified_farkas_cut_count,min,0.0,5
large,0,level,certified_farkas_cut_count,max,0.0,5
large,1,level,baseline_robust_cost,mean,26200.563499207616,5
large,1,level,baseline_robust_cost,median,24749.842870790126,5
large,1,level,baseline_robust_cost,std,3481.3878305282497,5
large,1,level,baseline_robust_cost,iqr,919.5740700843235,5
large,1,level,baseline_robust_cost,min,24311.475744141753,5
large,1,level,baseline_robust_cost,max,32390.9769806159,5
large,1,level,cost_budget,mean,26855.577586687803,5
large,1,level,cost_budget,median,25368.588942559876,5
large,1,level,cost_budget,std,3568.4225262914542,5
large,1,level,cost_budget,iqr,942.5634218364321,5
large,1,level,cost_budget,min,24919.262637745294,5
large,1,level,cost_budget,max,33200.75140513129,5
large,1,level,actual_robust_cost,mean,26734.599034209707,5
large,1,level,actual_robust_cost,median,25199.46269700223,5
large,1,level,actual_robust_cost,std,3631.7545390959294,5
large,1,level,actual_robust_cost,iqr,728.1384163324401,5
large,1,level,actual_robust_cost,min,24707.32284074384,5
large,1,level,actual_robust_cost,max,33200.75140513132,5
large,1,level,actual_price_of_fairness,mean,0.020114719037655427,5
large,1,level,actual_price_of_fairness,median,0.0181665729580347,5
large,1,level,actual_price_of_fairness,std,0.004519605743298868,5
large,1,level,actual_price_of_fairness,iqr,0.008658601865977333,5
large,1,level,actual_price_of_fairness,min,0.01611520823765855,5
large,1,level,actual_price_of_fairness,max,0.0250000000000008,5
large,1,level,objective_t,mean,0.03243264805552838,5
large,1,level,objective_t,median,0.001057934352594126,5
large,1,level,objective_t,std,0.06349903829998717,5
large,1,level,objective_t,iqr,0.015709319705103433,5
large,1,level,objective_t,min,0.0,5
large,1,level,objective_t,max,0.14539598621994435,5
large,1,level,robust_minimum_fill_rate,mean,0.9675673519444716,5
large,1,level,robust_minimum_fill_rate,median,0.9989420656474058,5
large,1,level,robust_minimum_fill_rate,std,0.06349903829998715,5
large,1,level,robust_minimum_fill_rate,iqr,0.015709319705103475,5
large,1,level,robust_minimum_fill_rate,min,0.8546040137800557,5
large,1,level,robust_minimum_fill_rate,max,1.0,5
large,1,level,wminfr,mean,0.9675673519444714,5
large,1,level,wminfr,median,0.9989420656474057,5
large,1,level,wminfr,std,0.06349903829998708,5
large,1,level,wminfr,iqr,0.015709319705104363,5
large,1,level,wminfr,min,0.8546040137800557,5
large,1,level,wminfr,max,1.0,5
large,1,level,minimum_weighted_mean_fill_rate,mean,0.9675673519444716,5
large,1,level,minimum_weighted_mean_fill_rate,median,0.9989420656474058,5
large,1,level,minimum_weighted_mean_fill_rate,std,0.06349903829998715,5
large,1,level,minimum_weighted_mean_fill_rate,iqr,0.015709319705103475,5
large,1,level,minimum_weighted_mean_fill_rate,min,0.8546040137800557,5
large,1,level,minimum_weighted_mean_fill_rate,max,1.0,5
large,1,level,inventory,mean,6151.870817337518,5
large,1,level,inventory,median,6347.90438249798,5
large,1,level,inventory,std,617.6564339775584,5
large,1,level,inventory,iqr,485.44277786470593,5
large,1,level,inventory,min,5133.452482054314,5
large,1,level,inventory,max,6693.24,5
large,1,level,opened_warehouses,mean,8.0,5
large,1,level,opened_warehouses,median,8.0,5
large,1,level,opened_warehouses,std,0.0,5
large,1,level,opened_warehouses,iqr,0.0,5
large,1,level,opened_warehouses,min,8.0,5
large,1,level,opened_warehouses,max,8.0,5
large,1,level,algorithm_runtime,mean,9.910346779995598,5
large,1,level,algorithm_runtime,median,9.063899599990691,5
large,1,level,algorithm_runtime,std,4.0274948522013645,5
large,1,level,algorithm_runtime,iqr,3.722164499995415,5
large,1,level,algorithm_runtime,min,5.8194991999916965,5
large,1,level,algorithm_runtime,max,16.2021473999921,5
large,1,level,master_runtime,mean,3.002588240001933,5
large,1,level,master_runtime,median,3.4984568000072613,5
large,1,level,master_runtime,std,1.263802175823915,5
large,1,level,master_runtime,iqr,2.0177473000076134,5
large,1,level,master_runtime,min,1.4737620999949286,5
large,1,level,master_runtime,max,4.317910199984908,5
large,1,level,separation_runtime,mean,6.6087798400083555,5
large,1,level,separation_runtime,median,5.691470599980676,5
large,1,level,separation_runtime,std,3.073929512737237,5
large,1,level,separation_runtime,iqr,2.324592600009055,5
large,1,level,separation_runtime,min,3.5365107000106946,5
large,1,level,separation_runtime,max,11.544970100017963,5
large,1,level,post_evaluation_wall_runtime,mean,0.940203319999273,5
large,1,level,post_evaluation_wall_runtime,median,0.87825980001071,5
large,1,level,post_evaluation_wall_runtime,std,0.15025338212492728,5
large,1,level,post_evaluation_wall_runtime,iqr,0.18228550000640098,5
large,1,level,post_evaluation_wall_runtime,min,0.8098462000052677,5
large,1,level,post_evaluation_wall_runtime,max,1.1686888999829534,5
large,1,level,total_wall_runtime,mean,10.918306480004684,5
large,1,level,total_wall_runtime,median,9.963305299999774,5
large,1,level,total_wall_runtime,std,4.012336470186803,5
large,1,level,total_wall_runtime,iqr,3.7916756000049645,5
large,1,level,total_wall_runtime,min,7.080409200003487,5
large,1,level,total_wall_runtime,max,17.27045990001352,5
large,1,level,penalized_runtime_par2,mean,9.910346779995598,5
large,1,level,penalized_runtime_par2,median,9.063899599990691,5
large,1,level,penalized_runtime_par2,std,4.0274948522013645,5
large,1,level,penalized_runtime_par2,iqr,3.722164499995415,5
large,1,level,penalized_runtime_par2,min,5.8194991999916965,5
large,1,level,penalized_runtime_par2,max,16.2021473999921,5
large,1,level,iterations,mean,3.0,5
large,1,level,iterations,median,2.0,5
large,1,level,iterations,std,1.4142135623730951,5
large,1,level,iterations,iqr,2.0,5
large,1,level,iterations,min,2.0,5
large,1,level,iterations,max,5.0,5
large,1,level,scenario_block_count,mean,15.0,5
large,1,level,scenario_block_count,median,14.0,5
large,1,level,scenario_block_count,std,1.4142135623730951,5
large,1,level,scenario_block_count,iqr,2.0,5
large,1,level,scenario_block_count,min,14.0,5
large,1,level,scenario_block_count,max,17.0,5
large,1,level,certified_farkas_cut_count,mean,2.0,5
large,1,level,certified_farkas_cut_count,median,1.0,5
large,1,level,certified_farkas_cut_count,std,1.4142135623730951,5
large,1,level,certified_farkas_cut_count,iqr,2.0,5
large,1,level,certified_farkas_cut_count,min,1.0,5
large,1,level,certified_farkas_cut_count,max,4.0,5
large,2,level,baseline_robust_cost,mean,26789.544403195516,5
large,2,level,baseline_robust_cost,median,25124.566156385263,5
large,2,level,baseline_robust_cost,std,3976.099218287541,5
large,2,level,baseline_robust_cost,iqr,956.5149795180478,5
large,2,level,baseline_robust_cost,min,24635.49899448111,5
large,2,level,baseline_robust_cost,max,33865.211914745116,5
large,2,level,cost_budget,mean,27459.2830132754,5
large,2,level,cost_budget,median,25752.68031029489,5
large,2,level,cost_budget,std,4075.501698744728,5
large,2,level,cost_budget,iqr,980.4278540060004,5
large,2,level,cost_budget,min,25251.386469343135,5
large,2,level,cost_budget,max,34711.84221261374,5
large,2,level,actual_robust_cost,mean,27405.534689377626,5
large,2,level,actual_robust_cost,median,25725.625285312664,5
large,2,level,actual_robust_cost,std,4104.849578046592,5
large,2,level,actual_robust_cost,iqr,931.2468717603297,5
large,2,level,actual_robust_cost,min,25156.610899216932,5
large,2,level,actual_robust_cost,max,34711.84221261373,5
large,2,level,actual_price_of_fairness,mean,0.022855940239214955,5
large,2,level,actual_price_of_fairness,median,0.023923164491126858,5
large,2,level,actual_price_of_fairness,std,0.0025769873429882526,5
large,2,level,actual_price_of_fairness,iqr,0.003815403739433121,5
large,2,level,actual_price_of_fairness,min,0.019189182258801285,5
large,2,level,actual_price_of_fairness,max,0.02499999999999969,5
large,2,level,objective_t,mean,0.03585648311400403,5
large,2,level,objective_t,median,0.005798056682942115,5
large,2,level,objective_t,std,0.0645422062823083,5
large,2,level,objective_t,iqr,0.01958141402537117,5
large,2,level,objective_t,min,0.0,5
large,2,level,objective_t,max,0.1503253803642301,5
large,2,level,robust_minimum_fill_rate,mean,0.964143516885996,5
large,2,level,robust_minimum_fill_rate,median,0.9942019433170579,5
large,2,level,robust_minimum_fill_rate,std,0.06454220628230835,5
large,2,level,robust_minimum_fill_rate,iqr,0.01958141402537117,5
large,2,level,robust_minimum_fill_rate,min,0.8496746196357698,5
large,2,level,robust_minimum_fill_rate,max,1.0,5
large,2,level,wminfr,mean,0.9641435168859959,5
large,2,level,wminfr,median,0.9942019433170577,5
large,2,level,wminfr,std,0.06454220628230825,5
large,2,level,wminfr,iqr,0.019581414025371502,5
large,2,level,wminfr,min,0.8496746196357698,5
large,2,level,wminfr,max,1.0,5
large,2,level,minimum_weighted_mean_fill_rate,mean,0.964143516885996,5
large,2,level,minimum_weighted_mean_fill_rate,median,0.9942019433170579,5
large,2,level,minimum_weighted_mean_fill_rate,std,0.06454220628230829,5
large,2,level,minimum_weighted_mean_fill_rate,iqr,0.01958141402537128,5
large,2,level,minimum_weighted_mean_fill_rate,min,0.84967461963577,5
large,2,level,minimum_weighted_mean_fill_rate,max,1.0,5
large,2,level,inventory,mean,6227.586312700186,5
large,2,level,inventory,median,6352.360653446343,5
large,2,level,inventory,std,694.9461253378315,5
large,2,level,inventory,iqr,636.043139894663,5
large,2,level,inventory,min,5135.017060514972,5
large,2,level,inventory,max,6922.5999999999985,5
large,2,level,opened_warehouses,mean,8.0,5
large,2,level,opened_warehouses,median,8.0,5
large,2,level,opened_warehouses,std,0.0,5
large,2,level,opened_warehouses,iqr,0.0,5
large,2,level,opened_warehouses,min,8.0,5
large,2,level,opened_warehouses,max,8.0,5
large,2,level,algorithm_runtime,mean,76.23086317999987,5
large,2,level,algorithm_runtime,median,76.71732679998968,5
large,2,level,algorithm_runtime,std,10.691302678695777,5
large,2,level,algorithm_runtime,iqr,7.200315999987652,5
large,2,level,algorithm_runtime,min,63.026733300008345,5
large,2,level,algorithm_runtime,max,92.09749060000468,5
large,2,level,master_runtime,mean,10.245620159996907,5
large,2,level,master_runtime,median,10.182472600004985,5
large,2,level,master_runtime,std,1.9464834720302895,5
large,2,level,master_runtime,iqr,2.189597999997204,5
large,2,level,master_runtime,min,7.851284800010035,5
large,2,level,master_runtime,max,12.89200459998392,5
large,2,level,separation_runtime,mean,65.4701044599904,5
large,2,level,separation_runtime,median,64.75086499997997,5
large,2,level,separation_runtime,std,12.448605566104188,5
large,2,level,separation_runtime,iqr,8.3434473000234,5
large,2,level,separation_runtime,min,49.86799450000399,5
large,2,level,separation_runtime,max,83.88041530000919,5
large,2,level,post_evaluation_wall_runtime,mean,44.771341000011304,5
large,2,level,post_evaluation_wall_runtime,median,46.81968960008817,5
large,2,level,post_evaluation_wall_runtime,std,3.9979870921756913,5
large,2,level,post_evaluation_wall_runtime,iqr,6.267444300276111,5
large,2,level,post_evaluation_wall_runtime,min,39.90285739999672,5
large,2,level,post_evaluation_wall_runtime,max,48.738624100005836,5
large,2,level,total_wall_runtime,mean,144.84282399997755,5
large,2,level,total_wall_runtime,median,141.59596940000483,5
large,2,level,total_wall_runtime,std,12.14384343959891,5
large,2,level,total_wall_runtime,iqr,11.271817899949383,5
large,2,level,total_wall_runtime,min,132.8293585000647,5
large,2,level,total_wall_runtime,max,163.92658720003965,5
large,2,level,penalized_runtime_par2,mean,76.23086317999987,5
large,2,level,penalized_runtime_par2,median,76.71732679998968,5
large,2,level,penalized_runtime_par2,std,10.691302678695777,5
large,2,level,penalized_runtime_par2,iqr,7.200315999987652,5
large,2,level,penalized_runtime_par2,min,63.026733300008345,5
large,2,level,penalized_runtime_par2,max,92.09749060000468,5
large,2,level,iterations,mean,7.6,5
large,2,level,iterations,median,9.0,5
large,2,level,iterations,std,1.949358868961793,5
large,2,level,iterations,iqr,3.0,5
large,2,level,iterations,min,5.0,5
large,2,level,iterations,max,9.0,5
large,2,level,scenario_block_count,mean,19.6,5
large,2,level,scenario_block_count,median,21.0,5
large,2,level,scenario_block_count,std,1.949358868961793,5
large,2,level,scenario_block_count,iqr,3.0,5
large,2,level,scenario_block_count,min,17.0,5
large,2,level,scenario_block_count,max,21.0,5
large,2,level,certified_farkas_cut_count,mean,6.6,5
large,2,level,certified_farkas_cut_count,median,8.0,5
large,2,level,certified_farkas_cut_count,std,1.949358868961793,5
large,2,level,certified_farkas_cut_count,iqr,3.0,5
large,2,level,certified_farkas_cut_count,min,4.0,5
large,2,level,certified_farkas_cut_count,max,8.0,5
large,0_to_1,paired_delta,baseline_robust_cost,mean,634.7105815217925,5
large,0_to_1,paired_delta,baseline_robust_cost,median,424.67133270210616,5
large,0_to_1,paired_delta,baseline_robust_cost,std,515.9972902085974,5
large,0_to_1,paired_delta,baseline_robust_cost,iqr,31.709300654219987,5
large,0_to_1,paired_delta,baseline_robust_cost,min,338.8643501640181,5
large,0_to_1,paired_delta,baseline_robust_cost,max,1555.0313386905655,5
large,0_to_1,paired_delta,cost_budget,mean,650.5783460598366,5
large,0_to_1,paired_delta,cost_budget,median,435.28811601965936,5
large,0_to_1,paired_delta,cost_budget,std,528.8972224638114,5
large,0_to_1,paired_delta,cost_budget,iqr,32.50203317057458,5
large,0_to_1,paired_delta,cost_budget,min,347.3359589181164,5
large,0_to_1,paired_delta,cost_budget,max,1593.907122157827,5
large,0_to_1,paired_delta,actual_robust_cost,mean,564.5591756285663,5
large,0_to_1,paired_delta,actual_robust_cost,median,320.6757777080129,5
large,0_to_1,paired_delta,actual_robust_cost,std,576.1437425022796,5
large,0_to_1,paired_delta,actual_robust_cost,iqr,56.63366958780898,5
large,0_to_1,paired_delta,actual_robust_cost,min,271.3801936804339,5
large,0_to_1,paired_delta,actual_robust_cost,max,1593.9071221578488,5
large,0_to_1,paired_delta,actual_price_of_fairness,mean,-0.003453691951546922,5
large,0_to_1,paired_delta,actual_price_of_fairness,median,-0.005239888415130789,5
large,0_to_1,paired_delta,actual_price_of_fairness,std,0.0031955030595731504,5
large,0_to_1,paired_delta,actual_price_of_fairness,iqr,0.005276206688549445,5
large,0_to_1,paired_delta,actual_price_of_fairness,min,-0.006702780512615636,5
large,0_to_1,paired_delta,actual_price_of_fairness,max,6.661338147750939e-16,5
large,0_to_1,paired_delta,objective_t,mean,0.0023480440767861886,5
large,0_to_1,paired_delta,objective_t,median,0.001057934352594126,5
large,0_to_1,paired_delta,objective_t,std,0.002766944752895404,5
large,0_to_1,paired_delta,objective_t,iqr,0.005252696780843086,5
large,0_to_1,paired_delta,objective_t,min,0.0,5
large,0_to_1,paired_delta,objective_t,max,0.005429589250493732,5
large,0_to_1,paired_delta,robust_minimum_fill_rate,mean,-0.0023480440767861934,5
large,0_to_1,paired_delta,robust_minimum_fill_rate,median,-0.0010579343525941587,5
large,0_to_1,paired_delta,robust_minimum_fill_rate,std,0.0027669447528953974,5
large,0_to_1,paired_delta,robust_minimum_fill_rate,iqr,0.005252696780843058,5
large,0_to_1,paired_delta,robust_minimum_fill_rate,min,-0.005429589250493749,5
large,0_to_1,paired_delta,robust_minimum_fill_rate,max,0.0,5
large,0_to_1,paired_delta,wminfr,mean,-0.0023480440767863708,5
large,0_to_1,paired_delta,wminfr,median,-0.0010579343525942697,5
large,0_to_1,paired_delta,wminfr,std,0.0027669447528956025,5
large,0_to_1,paired_delta,wminfr,iqr,0.005252696780842947,5
large,0_to_1,paired_delta,wminfr,min,-0.0054295892504946375,5
large,0_to_1,paired_delta,wminfr,max,0.0,5
large,0_to_1,paired_delta,minimum_weighted_mean_fill_rate,mean,-0.0023480440767861934,5
large,0_to_1,paired_delta,minimum_weighted_mean_fill_rate,median,-0.0010579343525941587,5
large,0_to_1,paired_delta,minimum_weighted_mean_fill_rate,std,0.0027669447528953974,5
large,0_to_1,paired_delta,minimum_weighted_mean_fill_rate,iqr,0.005252696780843058,5
large,0_to_1,paired_delta,minimum_weighted_mean_fill_rate,min,-0.005429589250493749,5
large,0_to_1,paired_delta,minimum_weighted_mean_fill_rate,max,0.0,5
large,0_to_1,paired_delta,inventory,mean,154.31384606583487,5
large,0_to_1,paired_delta,inventory,median,232.9043824979799,5
large,0_to_1,paired_delta,inventory,std,141.07651876367726,5
large,0_to_1,paired_delta,inventory,iqr,261.4123665731295,5
large,0_to_1,paired_delta,inventory,min,-0.5027855956759595,5
large,0_to_1,paired_delta,inventory,max,274.10000000000036,5
large,0_to_1,paired_delta,opened_warehouses,mean,0.0,5
large,0_to_1,paired_delta,opened_warehouses,median,0.0,5
large,0_to_1,paired_delta,opened_warehouses,std,0.0,5
large,0_to_1,paired_delta,opened_warehouses,iqr,0.0,5
large,0_to_1,paired_delta,opened_warehouses,min,0.0,5
large,0_to_1,paired_delta,opened_warehouses,max,0.0,5
large,0_to_1,paired_delta,algorithm_runtime,mean,9.793361999999615,5
large,0_to_1,paired_delta,algorithm_runtime,median,8.981270299991593,5
large,0_to_1,paired_delta,algorithm_runtime,std,4.039433267666044,5
large,0_to_1,paired_delta,algorithm_runtime,iqr,3.75242609999259,5
large,0_to_1,paired_delta,algorithm_runtime,min,5.704595999995945,5
large,0_to_1,paired_delta,algorithm_runtime,max,16.106304400003864,5
large,0_to_1,paired_delta,master_runtime,mean,2.9790716800052905,5
large,0_to_1,paired_delta,master_runtime,median,3.471379100010381,5
large,0_to_1,paired_delta,master_runtime,std,1.268075860086331,5
large,0_to_1,paired_delta,master_runtime,iqr,2.0188716999982717,5
large,0_to_1,paired_delta,master_runtime,min,1.4375199000060093,5
large,0_to_1,paired_delta,master_runtime,max,4.297813899975154,5
large,0_to_1,paired_delta,separation_runtime,mean,6.571092480004881,5
large,0_to_1,paired_delta,separation_runtime,median,5.643999699968845,5
large,0_to_1,paired_delta,separation_runtime,std,3.074004489285931,5
large,0_to_1,paired_delta,separation_runtime,iqr,2.3152905000315513,5
large,0_to_1,paired_delta,separation_runtime,min,3.494475000014063,5
large,0_to_1,paired_delta,separation_runtime,max,11.506534800006193,5
large,0_to_1,paired_delta,post_evaluation_wall_runtime,mean,0.9254045599984237,5
large,0_to_1,paired_delta,post_evaluation_wall_runtime,median,0.8612564000213752,5
large,0_to_1,paired_delta,post_evaluation_wall_runtime,std,0.1531971755500224,5
large,0_to_1,paired_delta,post_evaluation_wall_runtime,iqr,0.17981570000119973,5
large,0_to_1,paired_delta,post_evaluation_wall_runtime,min,0.7842326999962097,5
large,0_to_1,paired_delta,post_evaluation_wall_runtime,max,1.156354199978523,5
large,0_to_1,paired_delta,total_wall_runtime,mean,10.779517980013043,5
large,0_to_1,paired_delta,total_wall_runtime,median,9.868164600004093,5
large,0_to_1,paired_delta,total_wall_runtime,std,4.027711505908762,5
large,0_to_1,paired_delta,total_wall_runtime,iqr,3.834464300016407,5
large,0_to_1,paired_delta,total_wall_runtime,min,6.9480131000163965,5
large,0_to_1,paired_delta,total_wall_runtime,max,17.158321100039757,5
large,0_to_1,paired_delta,penalized_runtime_par2,mean,9.793361999999615,5
large,0_to_1,paired_delta,penalized_runtime_par2,median,8.981270299991593,5
large,0_to_1,paired_delta,penalized_runtime_par2,std,4.039433267666044,5
large,0_to_1,paired_delta,penalized_runtime_par2,iqr,3.75242609999259,5
large,0_to_1,paired_delta,penalized_runtime_par2,min,5.704595999995945,5
large,0_to_1,paired_delta,penalized_runtime_par2,max,16.106304400003864,5
large,0_to_1,paired_delta,iterations,mean,2.0,5
large,0_to_1,paired_delta,iterations,median,1.0,5
large,0_to_1,paired_delta,iterations,std,1.4142135623730951,5
large,0_to_1,paired_delta,iterations,iqr,2.0,5
large,0_to_1,paired_delta,iterations,min,1.0,5
large,0_to_1,paired_delta,iterations,max,4.0,5
large,0_to_1,paired_delta,scenario_block_count,mean,14.0,5
large,0_to_1,paired_delta,scenario_block_count,median,13.0,5
large,0_to_1,paired_delta,scenario_block_count,std,1.4142135623730951,5
large,0_to_1,paired_delta,scenario_block_count,iqr,2.0,5
large,0_to_1,paired_delta,scenario_block_count,min,13.0,5
large,0_to_1,paired_delta,scenario_block_count,max,16.0,5
large,0_to_1,paired_delta,certified_farkas_cut_count,mean,2.0,5
large,0_to_1,paired_delta,certified_farkas_cut_count,median,1.0,5
large,0_to_1,paired_delta,certified_farkas_cut_count,std,1.4142135623730951,5
large,0_to_1,paired_delta,certified_farkas_cut_count,iqr,2.0,5
large,0_to_1,paired_delta,certified_farkas_cut_count,min,1.0,5
large,0_to_1,paired_delta,certified_farkas_cut_count,max,4.0,5
large,1_to_2,paired_delta,baseline_robust_cost,mean,588.9809039879001,5
large,1_to_2,paired_delta,baseline_robust_cost,median,374.723285595137,5
large,1_to_2,paired_delta,baseline_robust_cost,std,495.70647440857573,5
large,1_to_2,paired_delta,baseline_robust_cost,iqr,36.9409094337243,5
large,1_to_2,paired_delta,baseline_robust_cost,min,324.0232503393563,5
large,1_to_2,paired_delta,baseline_robust_cost,max,1474.2349341292174,5
large,1_to_2,paired_delta,cost_budget,mean,603.7054265875973,5
large,1_to_2,paired_delta,cost_budget,median,384.0913677350145,5
large,1_to_2,paired_delta,cost_budget,std,508.09913626879,5
large,1_to_2,paired_delta,cost_budget,iqr,37.86443216956832,5
large,1_to_2,paired_delta,cost_budget,min,332.12383159784076,5
large,1_to_2,paired_delta,cost_budget,max,1511.0908074824474,5
large,1_to_2,paired_delta,actual_robust_cost,mean,670.9356551679215,5
large,1_to_2,paired_delta,actual_robust_cost,median,526.1625883104352,5
large,1_to_2,paired_delta,actual_robust_cost,std,476.65141435409316,5
large,1_to_2,paired_delta,actual_robust_cost,iqr,86.33458002768748,5
large,1_to_2,paired_delta,actual_robust_cost,min,332.51418307288986,5
large,1_to_2,paired_delta,actual_robust_cost,max,1511.090807482411,5
large,1_to_2,paired_delta,actual_price_of_fairness,mean,0.0027412212015595293,5
large,1_to_2,paired_delta,actual_price_of_fairness,median,0.0030739740211427335,5
large,1_to_2,paired_delta,actual_price_of_fairness,std,0.0026753469581430444,5
large,1_to_2,paired_delta,actual_price_of_fairness,iqr,0.0048431981265442126,5
large,1_to_2,paired_delta,actual_price_of_fairness,min,-1.1102230246251565e-15,5
large,1_to_2,paired_delta,actual_price_of_fairness,max,0.005756591533092159,5
large,1_to_2,paired_delta,objective_t,mean,0.003423835058475647,5
large,1_to_2,paired_delta,objective_t,median,0.00474012233034799,5
large,1_to_2,paired_delta,objective_t,std,0.002418662815538351,5
large,1_to_2,paired_delta,objective_t,iqr,0.003140611895547375,5
large,1_to_2,paired_delta,objective_t,min,0.0,5
large,1_to_2,paired_delta,objective_t,max,0.005660876569006115,5
large,1_to_2,paired_delta,robust_minimum_fill_rate,mean,-0.003423835058475633,5
large,1_to_2,paired_delta,robust_minimum_fill_rate,median,-0.004740122330347929,5
large,1_to_2,paired_delta,robust_minimum_fill_rate,std,0.002418662815538344,5
large,1_to_2,paired_delta,robust_minimum_fill_rate,iqr,0.003140611895547485,5
large,1_to_2,paired_delta,robust_minimum_fill_rate,min,-0.005660876569006046,5
large,1_to_2,paired_delta,robust_minimum_fill_rate,max,0.0,5
large,1_to_2,paired_delta,wminfr,mean,-0.003423835058475633,5
large,1_to_2,paired_delta,wminfr,median,-0.00474012233034804,5
large,1_to_2,paired_delta,wminfr,std,0.0024186628155382444,5
large,1_to_2,paired_delta,wminfr,iqr,0.003140611895547263,5
large,1_to_2,paired_delta,wminfr,min,-0.005660876569005713,5
large,1_to_2,paired_delta,wminfr,max,0.0,5
large,1_to_2,paired_delta,minimum_weighted_mean_fill_rate,mean,-0.003423835058475633,5
large,1_to_2,paired_delta,minimum_weighted_mean_fill_rate,median,-0.004740122330347929,5
large,1_to_2,paired_delta,minimum_weighted_mean_fill_rate,std,0.0024186628155383524,5
large,1_to_2,paired_delta,minimum_weighted_mean_fill_rate,iqr,0.003140611895547374,5
large,1_to_2,paired_delta,minimum_weighted_mean_fill_rate,min,-0.005660876569006157,5
large,1_to_2,paired_delta,minimum_weighted_mean_fill_rate,max,0.0,5
large,1_to_2,paired_delta,inventory,mean,75.71549536266848,5
large,1_to_2,paired_delta,inventory,median,4.4562709483634535,5
large,1_to_2,paired_delta,inventory,std,106.72043646628322,5
large,1_to_2,paired_delta,inventory,iqr,145.33391625648073,5
large,1_to_2,paired_delta,inventory,min,-3.7018673128177397,5
large,1_to_2,paired_delta,inventory,max,229.35999999999876,5
large,1_to_2,paired_delta,opened_warehouses,mean,0.0,5
large,1_to_2,paired_delta,opened_warehouses,median,0.0,5
large,1_to_2,paired_delta,opened_warehouses,std,0.0,5
large,1_to_2,paired_delta,opened_warehouses,iqr,0.0,5
large,1_to_2,paired_delta,opened_warehouses,min,0.0,5
large,1_to_2,paired_delta,opened_warehouses,max,0.0,5
large,1_to_2,paired_delta,algorithm_runtime,mean,66.32051640000427,5
large,1_to_2,paired_delta,algorithm_runtime,median,63.684213000000454,5
large,1_to_2,paired_delta,algorithm_runtime,std,12.169365961436668,5
large,1_to_2,paired_delta,algorithm_runtime,iqr,6.647185099995113,5
large,1_to_2,paired_delta,algorithm_runtime,min,53.962833700017654,5
large,1_to_2,paired_delta,algorithm_runtime,max,86.27799140001298,5
large,1_to_2,paired_delta,master_runtime,mean,7.243031919994974,5
large,1_to_2,paired_delta,master_runtime,median,6.92805820000649,5
large,1_to_2,paired_delta,master_runtime,std,1.5651698100770066,5
large,1_to_2,paired_delta,master_runtime,iqr,2.7099581000074977,5
large,1_to_2,paired_delta,master_runtime,min,5.557913599986932,5
large,1_to_2,paired_delta,master_runtime,max,9.02172489996883,5
large,1_to_2,paired_delta,separation_runtime,mean,58.86132461998204,5
large,1_to_2,paired_delta,separation_runtime,median,54.56242949998705,5
large,1_to_2,paired_delta,separation_runtime,std,13.350786874796551,5
large,1_to_2,paired_delta,separation_runtime,iqr,8.093682300008368,5
large,1_to_2,paired_delta,separation_runtime,min,44.89481689999229,5
large,1_to_2,paired_delta,separation_runtime,max,80.3439045999985,5
large,1_to_2,paired_delta,post_evaluation_wall_runtime,mean,43.831137680012034,5
large,1_to_2,paired_delta,post_evaluation_wall_runtime,median,45.98872150009265,5
large,1_to_2,paired_delta,post_evaluation_wall_runtime,std,3.9100571616313156,5
large,1_to_2,paired_delta,post_evaluation_wall_runtime,iqr,5.908601600298425,5
large,1_to_2,paired_delta,post_evaluation_wall_runtime,min,39.02459759998601,5
large,1_to_2,paired_delta,post_evaluation_wall_runtime,max,47.72537050000392,5
large,1_to_2,paired_delta,total_wall_runtime,mean,133.92451751997288,5
large,1_to_2,paired_delta,total_wall_runtime,median,129.56145259999903,5
large,1_to_2,paired_delta,total_wall_runtime,std,13.203907443521693,5
large,1_to_2,paired_delta,total_wall_runtime,iqr,2.244199199936702,5
large,1_to_2,paired_delta,total_wall_runtime,min,122.86605320006493,5
large,1_to_2,paired_delta,total_wall_runtime,max,156.84617800003616,5
large,1_to_2,paired_delta,penalized_runtime_par2,mean,66.32051640000427,5
large,1_to_2,paired_delta,penalized_runtime_par2,median,63.684213000000454,5
large,1_to_2,paired_delta,penalized_runtime_par2,std,12.169365961436668,5
large,1_to_2,paired_delta,penalized_runtime_par2,iqr,6.647185099995113,5
large,1_to_2,paired_delta,penalized_runtime_par2,min,53.962833700017654,5
large,1_to_2,paired_delta,penalized_runtime_par2,max,86.27799140001298,5
large,1_to_2,paired_delta,iterations,mean,4.6,5
large,1_to_2,paired_delta,iterations,median,4.0,5
large,1_to_2,paired_delta,iterations,std,1.51657508881031,5
large,1_to_2,paired_delta,iterations,iqr,1.0,5
large,1_to_2,paired_delta,iterations,min,3.0,5
large,1_to_2,paired_delta,iterations,max,7.0,5
large,1_to_2,paired_delta,scenario_block_count,mean,4.6,5
large,1_to_2,paired_delta,scenario_block_count,median,4.0,5
large,1_to_2,paired_delta,scenario_block_count,std,1.51657508881031,5
large,1_to_2,paired_delta,scenario_block_count,iqr,1.0,5
large,1_to_2,paired_delta,scenario_block_count,min,3.0,5
large,1_to_2,paired_delta,scenario_block_count,max,7.0,5
large,1_to_2,paired_delta,certified_farkas_cut_count,mean,4.6,5
large,1_to_2,paired_delta,certified_farkas_cut_count,median,4.0,5
large,1_to_2,paired_delta,certified_farkas_cut_count,std,1.51657508881031,5
large,1_to_2,paired_delta,certified_farkas_cut_count,iqr,1.0,5
large,1_to_2,paired_delta,certified_farkas_cut_count,min,3.0,5
large,1_to_2,paired_delta,certified_farkas_cut_count,max,7.0,5
