source_zip_sha256,run_git_commit,config_sha256,protocol_sha256,generation_schema,relative_path,sha256
4F8CEC3F9EAF69B053AE3DBAE6C29D5AAEF7DAAD87C49A798039DBCF9FADD783,797caafd12c006e85bc3394b01905bbfb137b0a9,A377D5B040FED160B323B58D42D9FFD1DE57E52F6C64D2050D6667E47DCA9334,4C76B5C7A02E245174BE02B6FCEBBCD744EB6B684A1F0CA71D05964EB1F1A32F,fairness_high_gamma_attempt2_final_reporting_v1,decision.json,FECA51867039CDB36E1C8CB50257CCDA3E706B6747B3303186C471F09186CFCF
4F8CEC3F9EAF69B053AE3DBAE6C29D5AAEF7DAAD87C49A798039DBCF9FADD783,797caafd12c006e85bc3394b01905bbfb137b0a9,A377D5B040FED160B323B58D42D9FFD1DE57E52F6C64D2050D6667E47DCA9334,4C76B5C7A02E245174BE02B6FCEBBCD744EB6B684A1F0CA71D05964EB1F1A32F,fairness_high_gamma_attempt2_final_reporting_v1,decision.md,AB4136D6B17DA481A50F016EFFCBEFC5D5225E0247563C5E5EFB7F5FFC63FF0E
4F8CEC3F9EAF69B053AE3DBAE6C29D5AAEF7DAAD87C49A798039DBCF9FADD783,797caafd12c006e85bc3394b01905bbfb137b0a9,A377D5B040FED160B323B58D42D9FFD1DE57E52F6C64D2050D6667E47DCA9334,4C76B5C7A02E245174BE02B6FCEBBCD744EB6B684A1F0CA71D05964EB1F1A32F,fairness_high_gamma_attempt2_final_reporting_v1,experimental_results_high_gamma_addendum.md,F6FC103F53F029F425F288E93E053AE52981C255D2EE11FAB9EFC5A9931D4280
4F8CEC3F9EAF69B053AE3DBAE6C29D5AAEF7DAAD87C49A798039DBCF9FADD783,797caafd12c006e85bc3394b01905bbfb137b0a9,A377D5B040FED160B323B58D42D9FFD1DE57E52F6C64D2050D6667E47DCA9334,4C76B5C7A02E245174BE02B6FCEBBCD744EB6B684A1F0CA71D05964EB1F1A32F,fairness_high_gamma_attempt2_final_reporting_v1,figure_external_model_growth.pdf,65917226055F21736D07A977267A5F7222FAF9140EC4E6E8CE84B7AF7745B46B
4F8CEC3F9EAF69B053AE3DBAE6C29D5AAEF7DAAD87C49A798039DBCF9FADD783,797caafd12c006e85bc3394b01905bbfb137b0a9,A377D5B040FED160B323B58D42D9FFD1DE57E52F6C64D2050D6667E47DCA9334,4C76B5C7A02E245174BE02B6FCEBBCD744EB6B684A1F0CA71D05964EB1F1A32F,fairness_high_gamma_attempt2_final_reporting_v1,figure_external_model_growth.png,0AD61AB85D0F2C7890AECA60C0971CB0E5F9677DF2600292E8F2A57959471DCC
4F8CEC3F9EAF69B053AE3DBAE6C29D5AAEF7DAAD87C49A798039DBCF9FADD783,797caafd12c006e85bc3394b01905bbfb137b0a9,A377D5B040FED160B323B58D42D9FFD1DE57E52F6C64D2050D6667E47DCA9334,4C76B5C7A02E245174BE02B6FCEBBCD744EB6B684A1F0CA71D05964EB1F1A32F,fairness_high_gamma_attempt2_final_reporting_v1,figure_high_gamma_runtime.pdf,9ADF97E0C78C280A5F91759B6AA2356C85E5DBAB0E3A84AE66F28529E2DB1846
4F8CEC3F9EAF69B053AE3DBAE6C29D5AAEF7DAAD87C49A798039DBCF9FADD783,797caafd12c006e85bc3394b01905bbfb137b0a9,A377D5B040FED160B323B58D42D9FFD1DE57E52F6C64D2050D6667E47DCA9334,4C76B5C7A02E245174BE02B6FCEBBCD744EB6B684A1F0CA71D05964EB1F1A32F,fairness_high_gamma_attempt2_final_reporting_v1,figure_high_gamma_runtime.png,E7F1E83E92854354D707769F10142CA33CA4D42D2F37E141EDB5BCF2B660E8B9
4F8CEC3F9EAF69B053AE3DBAE6C29D5AAEF7DAAD87C49A798039DBCF9FADD783,797caafd12c006e85bc3394b01905bbfb137b0a9,A377D5B040FED160B323B58D42D9FFD1DE57E52F6C64D2050D6667E47DCA9334,4C76B5C7A02E245174BE02B6FCEBBCD744EB6B684A1F0CA71D05964EB1F1A32F,fairness_high_gamma_attempt2_final_reporting_v1,figure_pool_stability.pdf,D9C163378BD7066F89F594B99FB86ADE50F6A8864BC3C5617E07D8D605117506
4F8CEC3F9EAF69B053AE3DBAE6C29D5AAEF7DAAD87C49A798039DBCF9FADD783,797caafd12c006e85bc3394b01905bbfb137b0a9,A377D5B040FED160B323B58D42D9FFD1DE57E52F6C64D2050D6667E47DCA9334,4C76B5C7A02E245174BE02B6FCEBBCD744EB6B684A1F0CA71D05964EB1F1A32F,fairness_high_gamma_attempt2_final_reporting_v1,figure_pool_stability.png,B5D3EB0BE1E92ABE3ACFCCEF6C6FAEE1BABDA96E953A19B9AE8F5714AB182678
4F8CEC3F9EAF69B053AE3DBAE6C29D5AAEF7DAAD87C49A798039DBCF9FADD783,797caafd12c006e85bc3394b01905bbfb137b0a9,A377D5B040FED160B323B58D42D9FFD1DE57E52F6C64D2050D6667E47DCA9334,4C76B5C7A02E245174BE02B6FCEBBCD744EB6B684A1F0CA71D05964EB1F1A32F,fairness_high_gamma_attempt2_final_reporting_v1,final_audit.json,1819BDC2A749BD6B475BE929162490828D0DCB3BC33A869DD486C02F881898FE
4F8CEC3F9EAF69B053AE3DBAE6C29D5AAEF7DAAD87C49A798039DBCF9FADD783,797caafd12c006e85bc3394b01905bbfb137b0a9,A377D5B040FED160B323B58D42D9FFD1DE57E52F6C64D2050D6667E47DCA9334,4C76B5C7A02E245174BE02B6FCEBBCD744EB6B684A1F0CA71D05964EB1F1A32F,fairness_high_gamma_attempt2_final_reporting_v1,freeze_manifest.json,F33D99EBC5B1E5E5A6CBD8DD4539F5A1DB284F984495D3DE46BE7D41A28A2C17
4F8CEC3F9EAF69B053AE3DBAE6C29D5AAEF7DAAD87C49A798039DBCF9FADD783,797caafd12c006e85bc3394b01905bbfb137b0a9,A377D5B040FED160B323B58D42D9FFD1DE57E52F6C64D2050D6667E47DCA9334,4C76B5C7A02E245174BE02B6FCEBBCD744EB6B684A1F0CA71D05964EB1F1A32F,fairness_high_gamma_attempt2_final_reporting_v1,high_gamma_external_benchmark_results_en.md,7FB977F0270135D1E50DBCC19001C5E59B0B439AFCEFB16E176F3CC841870047
4F8CEC3F9EAF69B053AE3DBAE6C29D5AAEF7DAAD87C49A798039DBCF9FADD783,797caafd12c006e85bc3394b01905bbfb137b0a9,A377D5B040FED160B323B58D42D9FFD1DE57E52F6C64D2050D6667E47DCA9334,4C76B5C7A02E245174BE02B6FCEBBCD744EB6B684A1F0CA71D05964EB1F1A32F,fairness_high_gamma_attempt2_final_reporting_v1,high_gamma_external_benchmark_results_zh.md,8B2BB78E909FFED4281E12D7F9309140AA911BB9CCBF8EED62881665FF0E73DD
4F8CEC3F9EAF69B053AE3DBAE6C29D5AAEF7DAAD87C49A798039DBCF9FADD783,797caafd12c006e85bc3394b01905bbfb137b0a9,A377D5B040FED160B323B58D42D9FFD1DE57E52F6C64D2050D6667E47DCA9334,4C76B5C7A02E245174BE02B6FCEBBCD744EB6B684A1F0CA71D05964EB1F1A32F,fairness_high_gamma_attempt2_final_reporting_v1,paired_results.complete.csv,3D9634B0BDBDD242E04668ABD83D4DAD2FE4A66E7CADB81843FC17BB008295A4
4F8CEC3F9EAF69B053AE3DBAE6C29D5AAEF7DAAD87C49A798039DBCF9FADD783,797caafd12c006e85bc3394b01905bbfb137b0a9,A377D5B040FED160B323B58D42D9FFD1DE57E52F6C64D2050D6667E47DCA9334,4C76B5C7A02E245174BE02B6FCEBBCD744EB6B684A1F0CA71D05964EB1F1A32F,fairness_high_gamma_attempt2_final_reporting_v1,results.complete.csv,EAE420742883BCC2BFDABBFE10E06050059A2C26A5ED07E46BEB45E6F13208A0
4F8CEC3F9EAF69B053AE3DBAE6C29D5AAEF7DAAD87C49A798039DBCF9FADD783,797caafd12c006e85bc3394b01905bbfb137b0a9,A377D5B040FED160B323B58D42D9FFD1DE57E52F6C64D2050D6667E47DCA9334,4C76B5C7A02E245174BE02B6FCEBBCD744EB6B684A1F0CA71D05964EB1F1A32F,fairness_high_gamma_attempt2_final_reporting_v1,reviewer_response_high_gamma_and_external_solver_en.md,C3611BB31B3BB8D63FD5DA2E97B577E1875F1385D631CA97EABD79F11034B3AE
4F8CEC3F9EAF69B053AE3DBAE6C29D5AAEF7DAAD87C49A798039DBCF9FADD783,797caafd12c006e85bc3394b01905bbfb137b0a9,A377D5B040FED160B323B58D42D9FFD1DE57E52F6C64D2050D6667E47DCA9334,4C76B5C7A02E245174BE02B6FCEBBCD744EB6B684A1F0CA71D05964EB1F1A32F,fairness_high_gamma_attempt2_final_reporting_v1,source_archive_provenance.json,4FB1BC118DE87147A4EB79B55A5A2848A8FEB9B5F3923F5D8F006B028217CFF9
4F8CEC3F9EAF69B053AE3DBAE6C29D5AAEF7DAAD87C49A798039DBCF9FADD783,797caafd12c006e85bc3394b01905bbfb137b0a9,A377D5B040FED160B323B58D42D9FFD1DE57E52F6C64D2050D6667E47DCA9334,4C76B5C7A02E245174BE02B6FCEBBCD744EB6B684A1F0CA71D05964EB1F1A32F,fairness_high_gamma_attempt2_final_reporting_v1,summary_by_gamma.csv,8F309D4E7323DE041F8CEFBD96B44354C6AE11F6229AC1D9F24469E1F0B0E8FD
4F8CEC3F9EAF69B053AE3DBAE6C29D5AAEF7DAAD87C49A798039DBCF9FADD783,797caafd12c006e85bc3394b01905bbfb137b0a9,A377D5B040FED160B323B58D42D9FFD1DE57E52F6C64D2050D6667E47DCA9334,4C76B5C7A02E245174BE02B6FCEBBCD744EB6B684A1F0CA71D05964EB1F1A32F,fairness_high_gamma_attempt2_final_reporting_v1,table_anchor_quality.csv,55D8E058C8BEFDC201891F63E542C79F2D72B648452C19EC917DC0FEB5986F25
4F8CEC3F9EAF69B053AE3DBAE6C29D5AAEF7DAAD87C49A798039DBCF9FADD783,797caafd12c006e85bc3394b01905bbfb137b0a9,A377D5B040FED160B323B58D42D9FFD1DE57E52F6C64D2050D6667E47DCA9334,4C76B5C7A02E245174BE02B6FCEBBCD744EB6B684A1F0CA71D05964EB1F1A32F,fairness_high_gamma_attempt2_final_reporting_v1,table_anchor_quality.md,A0C768D7452E9E9E8FC8D6F2F60B79542CE2340713ED735E2874D06AF2C820F0
4F8CEC3F9EAF69B053AE3DBAE6C29D5AAEF7DAAD87C49A798039DBCF9FADD783,797caafd12c006e85bc3394b01905bbfb137b0a9,A377D5B040FED160B323B58D42D9FFD1DE57E52F6C64D2050D6667E47DCA9334,4C76B5C7A02E245174BE02B6FCEBBCD744EB6B684A1F0CA71D05964EB1F1A32F,fairness_high_gamma_attempt2_final_reporting_v1,table_external_solver_model_size.csv,A19CC2D4D4657FBD9D8D1F50A91D95F72FAAEFBDD5DD1685CFC533AAEC977895
4F8CEC3F9EAF69B053AE3DBAE6C29D5AAEF7DAAD87C49A798039DBCF9FADD783,797caafd12c006e85bc3394b01905bbfb137b0a9,A377D5B040FED160B323B58D42D9FFD1DE57E52F6C64D2050D6667E47DCA9334,4C76B5C7A02E245174BE02B6FCEBBCD744EB6B684A1F0CA71D05964EB1F1A32F,fairness_high_gamma_attempt2_final_reporting_v1,table_external_solver_model_size.md,2861235F48FFF437CD5391C19E6FE37FA11E46F29C0B3F825F862AE684CDC68E
4F8CEC3F9EAF69B053AE3DBAE6C29D5AAEF7DAAD87C49A798039DBCF9FADD783,797caafd12c006e85bc3394b01905bbfb137b0a9,A377D5B040FED160B323B58D42D9FFD1DE57E52F6C64D2050D6667E47DCA9334,4C76B5C7A02E245174BE02B6FCEBBCD744EB6B684A1F0CA71D05964EB1F1A32F,fairness_high_gamma_attempt2_final_reporting_v1,table_high_gamma_complete_seed_results.csv,3D9634B0BDBDD242E04668ABD83D4DAD2FE4A66E7CADB81843FC17BB008295A4
4F8CEC3F9EAF69B053AE3DBAE6C29D5AAEF7DAAD87C49A798039DBCF9FADD783,797caafd12c006e85bc3394b01905bbfb137b0a9,A377D5B040FED160B323B58D42D9FFD1DE57E52F6C64D2050D6667E47DCA9334,4C76B5C7A02E245174BE02B6FCEBBCD744EB6B684A1F0CA71D05964EB1F1A32F,fairness_high_gamma_attempt2_final_reporting_v1,table_high_gamma_main.csv,E940E24597C717419F9D9B3EB6C16CFB2967557A4E8B622B41FEFFC83C698A37
4F8CEC3F9EAF69B053AE3DBAE6C29D5AAEF7DAAD87C49A798039DBCF9FADD783,797caafd12c006e85bc3394b01905bbfb137b0a9,A377D5B040FED160B323B58D42D9FFD1DE57E52F6C64D2050D6667E47DCA9334,4C76B5C7A02E245174BE02B6FCEBBCD744EB6B684A1F0CA71D05964EB1F1A32F,fairness_high_gamma_attempt2_final_reporting_v1,table_high_gamma_main.md,DAF693F12D80902B445D9BDF83DD14B8AB35CAE5CE1268A48367AECA87B49F0B
4F8CEC3F9EAF69B053AE3DBAE6C29D5AAEF7DAAD87C49A798039DBCF9FADD783,797caafd12c006e85bc3394b01905bbfb137b0a9,A377D5B040FED160B323B58D42D9FFD1DE57E52F6C64D2050D6667E47DCA9334,4C76B5C7A02E245174BE02B6FCEBBCD744EB6B684A1F0CA71D05964EB1F1A32F,fairness_high_gamma_attempt2_final_reporting_v1,table_high_gamma_pool_stability.csv,1F7D884B1E9975B5B3D378EF409E74A5F7A5B3584339D90831433A3774157B7E
4F8CEC3F9EAF69B053AE3DBAE6C29D5AAEF7DAAD87C49A798039DBCF9FADD783,797caafd12c006e85bc3394b01905bbfb137b0a9,A377D5B040FED160B323B58D42D9FFD1DE57E52F6C64D2050D6667E47DCA9334,4C76B5C7A02E245174BE02B6FCEBBCD744EB6B684A1F0CA71D05964EB1F1A32F,fairness_high_gamma_attempt2_final_reporting_v1,table_high_gamma_pool_stability.md,486B8FAFEEBE9C18715EE70726C768F0C07FAC0EA900245C22318ADA7FFA9EBF
