source_zip_sha256,run_git_commit,config_sha256,protocol_sha256,generation_schema,gamma,task_type,planned,completed,certified,certification_rate,algorithm_runtime_mean,algorithm_runtime_median,algorithm_runtime_sample_std,algorithm_runtime_iqr,algorithm_runtime_min,algorithm_runtime_max,par2_mean,par2_median,par2_sample_std,par2_iqr,par2_min,par2_max,iterations_mean,iterations_median,iterations_sample_std,iterations_iqr,iterations_min,iterations_max,certified_cuts_mean,certified_cuts_median,certified_cuts_sample_std,certified_cuts_iqr,certified_cuts_min,certified_cuts_max,committed_scenario_blocks_mean,committed_scenario_blocks_median,committed_scenario_blocks_sample_std,committed_scenario_blocks_iqr,committed_scenario_blocks_min,committed_scenario_blocks_max,proposal_evictions_mean,proposal_evictions_median,proposal_evictions_sample_std,proposal_evictions_iqr,proposal_evictions_min,proposal_evictions_max,rediscovered_evicted_scenarios_mean,rediscovered_evicted_scenarios_median,rediscovered_evicted_scenarios_sample_std,rediscovered_evicted_scenarios_iqr,rediscovered_evicted_scenarios_min,rediscovered_evicted_scenarios_max,duplicate_proposals_mean,duplicate_proposals_median,duplicate_proposals_sample_std,duplicate_proposals_iqr,duplicate_proposals_min,duplicate_proposals_max
4F8CEC3F9EAF69B053AE3DBAE6C29D5AAEF7DAAD87C49A798039DBCF9FADD783,797caafd12c006e85bc3394b01905bbfb137b0a9,A377D5B040FED160B323B58D42D9FFD1DE57E52F6C64D2050D6667E47DCA9334,4C76B5C7A02E245174BE02B6FCEBBCD744EB6B684A1F0CA71D05964EB1F1A32F,fairness_high_gamma_attempt2_final_reporting_v1,2,baseline,5,5,5,1.0,1.8175695999991148,1.2446425999514759,1.0312407603620644,1.883439900004305,0.8991594000253826,3.268181600025855,1.8175695999991148,1.2446425999514759,1.0312407603620644,1.883439900004305,0.8991594000253826,3.268181600025855,58.8,54.0,11.497825881443848,16.0,51.0,79.0,58.4,54.0,11.674759098157015,16.0,51.0,79.0,0.0,0.0,0.0,0.0,0.0,0.0,,,,,,,,,,,,,,,,,,
4F8CEC3F9EAF69B053AE3DBAE6C29D5AAEF7DAAD87C49A798039DBCF9FADD783,797caafd12c006e85bc3394b01905bbfb137b0a9,A377D5B040FED160B323B58D42D9FFD1DE57E52F6C64D2050D6667E47DCA9334,4C76B5C7A02E245174BE02B6FCEBBCD744EB6B684A1F0CA71D05964EB1F1A32F,fairness_high_gamma_attempt2_final_reporting_v1,2,hybrid_frontier,5,5,5,1.0,1.2514309599995612,1.2723341999808326,0.32478694932023283,0.5231378999887966,0.7154787000035867,1.5454257000237703,1.2514309599995612,1.2723341999808326,0.32478694932023283,0.5231378999887966,0.7154787000035867,1.5454257000237703,4.8,4.0,1.6431676725154984,3.0,3.0,7.0,3.8,3.0,1.6431676725154984,3.0,2.0,6.0,9.8,9.0,1.6431676725154984,3.0,8.0,12.0,11.4,12.0,4.159326868617084,7.5,6.0,17.0,5.0,3.0,4.69041575982343,9.0,0.0,10.0,0.0,0.0,0.0,0.0,0.0,0.0
4F8CEC3F9EAF69B053AE3DBAE6C29D5AAEF7DAAD87C49A798039DBCF9FADD783,797caafd12c006e85bc3394b01905bbfb137b0a9,A377D5B040FED160B323B58D42D9FFD1DE57E52F6C64D2050D6667E47DCA9334,4C76B5C7A02E245174BE02B6FCEBBCD744EB6B684A1F0CA71D05964EB1F1A32F,fairness_high_gamma_attempt2_final_reporting_v1,2,direct_extensive_frontier,5,5,5,1.0,5.544505919958465,4.533727000001818,2.7562319966414677,5.352870800008532,2.6875837999396026,8.675686300033703,5.544505919958465,4.533727000001818,2.7562319966414677,5.352870800008532,2.6875837999396026,8.675686300033703,,,,,,,,,,,,,0.0,0.0,0.0,0.0,0.0,0.0,,,,,,,,,,,,,,,,,,
4F8CEC3F9EAF69B053AE3DBAE6C29D5AAEF7DAAD87C49A798039DBCF9FADD783,797caafd12c006e85bc3394b01905bbfb137b0a9,A377D5B040FED160B323B58D42D9FFD1DE57E52F6C64D2050D6667E47DCA9334,4C76B5C7A02E245174BE02B6FCEBBCD744EB6B684A1F0CA71D05964EB1F1A32F,fairness_high_gamma_attempt2_final_reporting_v1,3,baseline,5,5,5,1.0,1.946778739988804,1.4480473999865353,1.1820307050676695,2.1482864500721917,0.7980471999617293,3.6856592000694945,1.946778739988804,1.4480473999865353,1.1820307050676695,2.1482864500721917,0.7980471999617293,3.6856592000694945,57.0,57.0,7.874007874011811,12.0,47.0,69.0,56.2,55.0,7.981227975693966,12.0,47.0,69.0,0.0,0.0,0.0,0.0,0.0,0.0,,,,,,,,,,,,,,,,,,
4F8CEC3F9EAF69B053AE3DBAE6C29D5AAEF7DAAD87C49A798039DBCF9FADD783,797caafd12c006e85bc3394b01905bbfb137b0a9,A377D5B040FED160B323B58D42D9FFD1DE57E52F6C64D2050D6667E47DCA9334,4C76B5C7A02E245174BE02B6FCEBBCD744EB6B684A1F0CA71D05964EB1F1A32F,fairness_high_gamma_attempt2_final_reporting_v1,3,hybrid_frontier,5,5,5,1.0,2.685199399990961,2.284555000020191,1.3351695360822007,2.1661813999526203,1.226520900032483,4.813186599989422,2.685199399990961,2.284555000020191,1.3351695360822007,2.1661813999526203,1.226520900032483,4.813186599989422,5.0,4.0,1.4142135623730951,2.5,4.0,7.0,4.0,3.0,1.4142135623730951,2.5,3.0,6.0,10.0,9.0,1.4142135623730951,2.5,9.0,12.0,14.4,12.0,5.224940191045253,10.0,9.0,20.0,4.0,2.0,4.183300132670378,8.0,0.0,9.0,0.0,0.0,0.0,0.0,0.0,0.0
4F8CEC3F9EAF69B053AE3DBAE6C29D5AAEF7DAAD87C49A798039DBCF9FADD783,797caafd12c006e85bc3394b01905bbfb137b0a9,A377D5B040FED160B323B58D42D9FFD1DE57E52F6C64D2050D6667E47DCA9334,4C76B5C7A02E245174BE02B6FCEBBCD744EB6B684A1F0CA71D05964EB1F1A32F,fairness_high_gamma_attempt2_final_reporting_v1,3,direct_extensive_frontier,5,5,5,1.0,230.57796535999515,187.59651780012064,98.46035144444308,181.16320940002333,148.79290839994792,374.57109530002344,230.57796535999515,187.59651780012064,98.46035144444308,181.16320940002333,148.79290839994792,374.57109530002344,,,,,,,,,,,,,0.0,0.0,0.0,0.0,0.0,0.0,,,,,,,,,,,,,,,,,,
4F8CEC3F9EAF69B053AE3DBAE6C29D5AAEF7DAAD87C49A798039DBCF9FADD783,797caafd12c006e85bc3394b01905bbfb137b0a9,A377D5B040FED160B323B58D42D9FFD1DE57E52F6C64D2050D6667E47DCA9334,4C76B5C7A02E245174BE02B6FCEBBCD744EB6B684A1F0CA71D05964EB1F1A32F,fairness_high_gamma_attempt2_final_reporting_v1,4,baseline,5,5,5,1.0,1.6088075799867512,0.935715900035575,1.2940479908128575,2.3206441000802442,0.607085199910216,3.5482827000087127,1.6088075799867512,0.935715900035575,1.2940479908128575,2.3206441000802442,0.607085199910216,3.5482827000087127,52.0,45.0,12.349089035228468,21.5,42.0,71.0,51.8,44.0,12.497999839974394,21.5,42.0,71.0,0.0,0.0,0.0,0.0,0.0,0.0,,,,,,,,,,,,,,,,,,
4F8CEC3F9EAF69B053AE3DBAE6C29D5AAEF7DAAD87C49A798039DBCF9FADD783,797caafd12c006e85bc3394b01905bbfb137b0a9,A377D5B040FED160B323B58D42D9FFD1DE57E52F6C64D2050D6667E47DCA9334,4C76B5C7A02E245174BE02B6FCEBBCD744EB6B684A1F0CA71D05964EB1F1A32F,fairness_high_gamma_attempt2_final_reporting_v1,4,hybrid_frontier,5,5,5,1.0,7.606934860022738,7.692782900063321,3.876904466870856,6.4888012000592425,4.2022027999628335,13.82730820006691,7.606934860022738,7.692782900063321,3.876904466870856,6.4888012000592425,4.2022027999628335,13.82730820006691,6.8,6.0,1.6431676725154984,3.0,5.0,9.0,5.8,5.0,1.6431676725154984,3.0,4.0,8.0,11.8,11.0,1.6431676725154984,3.0,10.0,14.0,24.8,26.0,9.654014708917735,19.0,14.0,36.0,11.8,11.0,7.5960516059331775,14.0,4.0,23.0,0.0,0.0,0.0,0.0,0.0,0.0
4F8CEC3F9EAF69B053AE3DBAE6C29D5AAEF7DAAD87C49A798039DBCF9FADD783,797caafd12c006e85bc3394b01905bbfb137b0a9,A377D5B040FED160B323B58D42D9FFD1DE57E52F6C64D2050D6667E47DCA9334,4C76B5C7A02E245174BE02B6FCEBBCD744EB6B684A1F0CA71D05964EB1F1A32F,fairness_high_gamma_attempt2_final_reporting_v1,4,direct_extensive_frontier,5,5,0,0.0,1800.09007067997,1800.0431098999688,0.10559858864404273,0.13942995009711012,1800.030812199926,1800.277364400099,3600.0,3600.0,0.0,0.0,3600.0,3600.0,,,,,,,,,,,,,0.0,0.0,0.0,0.0,0.0,0.0,,,,,,,,,,,,,,,,,,
