medium_large_source_archive_sha256,large_source_archive_sha256,scale,execution_attempt,introduced_stage,task_type,seed,rho,candidate,run_key,run_directory_id,git_commit,config_file_sha256,resolved_config_file_sha256,resolved_config_canonical_sha256,protocol_sha256,instance_sha256,baseline_run_key,anchor_value_hex,anchor_sha256,state,scientific_status,algorithm_status,certified_solved,algorithm_runtime,penalized_runtime_par2,separation_runtime,master_runtime,post_evaluation_wall_runtime,total_wall_runtime,iterations,cuts,source_archive_sha256
3919E271C40BDC86F5EE7FFA582A06DDD325D5BB4EAD453550ED17A6C62DB751,7A3C7BF75B0D6D3228B6AA9AC0E8B8E6799A4B4925949C89DBBCBF311C2D2376,large,2,s1,baseline,160,NOT_APPLICABLE,joint_v1_core_point_strengthened,fairness_scalability_development_large__scalability_s1_baseline__baseline__large__seed_160__joint_v1_core_point_strengthened,r_8a5773f0ff5eeda7020bb76a,ec33a047ecd60f4cb473260f1b3c4078726db776,CEB6025CD06DFBE91312827E738A47BF65FFCC2DCDEAFAD56EA5C3B9EE790801,583DEB4E9AFE00104C941DB24B96E6FD4ACEDADB687ACB5D067B715780C0C9F9,D24B5B1BB735E3FEA972348A41754DFF1A7635444F0726D65439ACB937589325,CB64C7505F81296992164359E7B2C929AE2868F9364FADDE68631AFCA2CC78B4,352159DD65C8D0240C124839CAB15FDEF8DFE9D984435F45AEFFA92CDBABB410,NOT_APPLICABLE,NOT_APPLICABLE,NOT_APPLICABLE,complete,certified_robust_optimal,optimal,true,503.9214995999355,503.9214995999355,0.0,40.632465994916856,0.0,503.9214995999355,640,640,7A3C7BF75B0D6D3228B6AA9AC0E8B8E6799A4B4925949C89DBBCBF311C2D2376
3919E271C40BDC86F5EE7FFA582A06DDD325D5BB4EAD453550ED17A6C62DB751,7A3C7BF75B0D6D3228B6AA9AC0E8B8E6799A4B4925949C89DBBCBF311C2D2376,large,2,s1,frontier,160,0.0,persistent_certified_cache,fairness_scalability_development_large__scalability_s1_frontier__rho_0__large__seed_160__persistent_certified_cache,r_eb21fbc1b6d2b00291238255,ec33a047ecd60f4cb473260f1b3c4078726db776,CEB6025CD06DFBE91312827E738A47BF65FFCC2DCDEAFAD56EA5C3B9EE790801,583DEB4E9AFE00104C941DB24B96E6FD4ACEDADB687ACB5D067B715780C0C9F9,D24B5B1BB735E3FEA972348A41754DFF1A7635444F0726D65439ACB937589325,CB64C7505F81296992164359E7B2C929AE2868F9364FADDE68631AFCA2CC78B4,352159DD65C8D0240C124839CAB15FDEF8DFE9D984435F45AEFFA92CDBABB410,fairness_scalability_development_large__scalability_s1_baseline__baseline__large__seed_160__joint_v1_core_point_strengthened,0x1.76dd2a073519ap+14,65dd20b935b0a42d1d13634a7fd17f2181e71aed811d53ba6f4383433427f9dd,complete,time_limit_uncertified,time_limit,false,1800.0161325000226,3600.0,185.37589349457994,1610.4610788000282,0.0,1800.0161325000226,6581,6581,7A3C7BF75B0D6D3228B6AA9AC0E8B8E6799A4B4925949C89DBBCBF311C2D2376
3919E271C40BDC86F5EE7FFA582A06DDD325D5BB4EAD453550ED17A6C62DB751,7A3C7BF75B0D6D3228B6AA9AC0E8B8E6799A4B4925949C89DBBCBF311C2D2376,large,2,s1,frontier,160,0.0,persistent_certified_cache_batch5,fairness_scalability_development_large__scalability_s1_frontier__rho_0__large__seed_160__persistent_certified_cache_batch5,r_ab2804d0a8b222396b97feab,ec33a047ecd60f4cb473260f1b3c4078726db776,CEB6025CD06DFBE91312827E738A47BF65FFCC2DCDEAFAD56EA5C3B9EE790801,583DEB4E9AFE00104C941DB24B96E6FD4ACEDADB687ACB5D067B715780C0C9F9,D24B5B1BB735E3FEA972348A41754DFF1A7635444F0726D65439ACB937589325,CB64C7505F81296992164359E7B2C929AE2868F9364FADDE68631AFCA2CC78B4,352159DD65C8D0240C124839CAB15FDEF8DFE9D984435F45AEFFA92CDBABB410,fairness_scalability_development_large__scalability_s1_baseline__baseline__large__seed_160__joint_v1_core_point_strengthened,0x1.76dd2a073519ap+14,65dd20b935b0a42d1d13634a7fd17f2181e71aed811d53ba6f4383433427f9dd,complete,time_limit_uncertified,time_limit,false,1800.019336400088,3600.0,336.5510796995368,1460.2346805040725,0.0,1800.019336400088,2602,13010,7A3C7BF75B0D6D3228B6AA9AC0E8B8E6799A4B4925949C89DBBCBF311C2D2376
3919E271C40BDC86F5EE7FFA582A06DDD325D5BB4EAD453550ED17A6C62DB751,7A3C7BF75B0D6D3228B6AA9AC0E8B8E6799A4B4925949C89DBBCBF311C2D2376,large,2,s1,frontier,160,0.0,persistent_separation,fairness_scalability_development_large__scalability_s1_frontier__rho_0__large__seed_160__persistent_separation,r_80363bcf3ddde547c3d56ac5,ec33a047ecd60f4cb473260f1b3c4078726db776,CEB6025CD06DFBE91312827E738A47BF65FFCC2DCDEAFAD56EA5C3B9EE790801,583DEB4E9AFE00104C941DB24B96E6FD4ACEDADB687ACB5D067B715780C0C9F9,D24B5B1BB735E3FEA972348A41754DFF1A7635444F0726D65439ACB937589325,CB64C7505F81296992164359E7B2C929AE2868F9364FADDE68631AFCA2CC78B4,352159DD65C8D0240C124839CAB15FDEF8DFE9D984435F45AEFFA92CDBABB410,fairness_scalability_development_large__scalability_s1_baseline__baseline__large__seed_160__joint_v1_core_point_strengthened,0x1.76dd2a073519ap+14,65dd20b935b0a42d1d13634a7fd17f2181e71aed811d53ba6f4383433427f9dd,complete,time_limit_uncertified,time_limit,false,1800.0063905001152,3600.0,1787.832304499345,11.802704699104652,0.0,1800.0063905001152,554,553,7A3C7BF75B0D6D3228B6AA9AC0E8B8E6799A4B4925949C89DBBCBF311C2D2376
3919E271C40BDC86F5EE7FFA582A06DDD325D5BB4EAD453550ED17A6C62DB751,7A3C7BF75B0D6D3228B6AA9AC0E8B8E6799A4B4925949C89DBBCBF311C2D2376,large,2,s1,frontier,160,0.0,single_cut,fairness_scalability_development_large__scalability_s1_frontier__rho_0__large__seed_160__single_cut,r_5f8c9d516ee3a7044f2bd8fb,ec33a047ecd60f4cb473260f1b3c4078726db776,CEB6025CD06DFBE91312827E738A47BF65FFCC2DCDEAFAD56EA5C3B9EE790801,583DEB4E9AFE00104C941DB24B96E6FD4ACEDADB687ACB5D067B715780C0C9F9,D24B5B1BB735E3FEA972348A41754DFF1A7635444F0726D65439ACB937589325,CB64C7505F81296992164359E7B2C929AE2868F9364FADDE68631AFCA2CC78B4,352159DD65C8D0240C124839CAB15FDEF8DFE9D984435F45AEFFA92CDBABB410,fairness_scalability_development_large__scalability_s1_baseline__baseline__large__seed_160__joint_v1_core_point_strengthened,0x1.76dd2a073519ap+14,65dd20b935b0a42d1d13634a7fd17f2181e71aed811d53ba6f4383433427f9dd,complete,time_limit_uncertified,time_limit,false,1800.0044909999706,3600.0,1783.4000816962216,14.483198501868173,0.0,1800.0044909999706,600,599,7A3C7BF75B0D6D3228B6AA9AC0E8B8E6799A4B4925949C89DBBCBF311C2D2376
3919E271C40BDC86F5EE7FFA582A06DDD325D5BB4EAD453550ED17A6C62DB751,7A3C7BF75B0D6D3228B6AA9AC0E8B8E6799A4B4925949C89DBBCBF311C2D2376,large,2,s1,frontier,160,0.01,persistent_certified_cache,fairness_scalability_development_large__scalability_s1_frontier__rho_0_01__large__seed_160__persistent_certified_cache,r_c76d7e8a6f72674bc88d561d,ec33a047ecd60f4cb473260f1b3c4078726db776,CEB6025CD06DFBE91312827E738A47BF65FFCC2DCDEAFAD56EA5C3B9EE790801,583DEB4E9AFE00104C941DB24B96E6FD4ACEDADB687ACB5D067B715780C0C9F9,D24B5B1BB735E3FEA972348A41754DFF1A7635444F0726D65439ACB937589325,CB64C7505F81296992164359E7B2C929AE2868F9364FADDE68631AFCA2CC78B4,352159DD65C8D0240C124839CAB15FDEF8DFE9D984435F45AEFFA92CDBABB410,fairness_scalability_development_large__scalability_s1_baseline__baseline__large__seed_160__joint_v1_core_point_strengthened,0x1.76dd2a073519ap+14,65dd20b935b0a42d1d13634a7fd17f2181e71aed811d53ba6f4383433427f9dd,complete,time_limit_uncertified,time_limit,false,1800.0241368000861,3600.0,178.5681718052365,1617.110072293086,0.0,1800.0241368000861,6683,6683,7A3C7BF75B0D6D3228B6AA9AC0E8B8E6799A4B4925949C89DBBCBF311C2D2376
3919E271C40BDC86F5EE7FFA582A06DDD325D5BB4EAD453550ED17A6C62DB751,7A3C7BF75B0D6D3228B6AA9AC0E8B8E6799A4B4925949C89DBBCBF311C2D2376,large,2,s1,frontier,160,0.01,persistent_certified_cache_batch5,fairness_scalability_development_large__scalability_s1_frontier__rho_0_01__large__seed_160__persistent_certified_cache_batch5,r_e12fb15a279dba9ac23efe14,ec33a047ecd60f4cb473260f1b3c4078726db776,CEB6025CD06DFBE91312827E738A47BF65FFCC2DCDEAFAD56EA5C3B9EE790801,583DEB4E9AFE00104C941DB24B96E6FD4ACEDADB687ACB5D067B715780C0C9F9,D24B5B1BB735E3FEA972348A41754DFF1A7635444F0726D65439ACB937589325,CB64C7505F81296992164359E7B2C929AE2868F9364FADDE68631AFCA2CC78B4,352159DD65C8D0240C124839CAB15FDEF8DFE9D984435F45AEFFA92CDBABB410,fairness_scalability_development_large__scalability_s1_baseline__baseline__large__seed_160__joint_v1_core_point_strengthened,0x1.76dd2a073519ap+14,65dd20b935b0a42d1d13634a7fd17f2181e71aed811d53ba6f4383433427f9dd,complete,time_limit_uncertified,time_limit,false,1800.0608310999814,3600.0,309.34819540032186,1487.6713787070476,0.0,1800.0608310999814,2486,12430,7A3C7BF75B0D6D3228B6AA9AC0E8B8E6799A4B4925949C89DBBCBF311C2D2376
3919E271C40BDC86F5EE7FFA582A06DDD325D5BB4EAD453550ED17A6C62DB751,7A3C7BF75B0D6D3228B6AA9AC0E8B8E6799A4B4925949C89DBBCBF311C2D2376,large,2,s1,frontier,160,0.01,persistent_separation,fairness_scalability_development_large__scalability_s1_frontier__rho_0_01__large__seed_160__persistent_separation,r_f3b517a5f22b36d391310bbf,ec33a047ecd60f4cb473260f1b3c4078726db776,CEB6025CD06DFBE91312827E738A47BF65FFCC2DCDEAFAD56EA5C3B9EE790801,583DEB4E9AFE00104C941DB24B96E6FD4ACEDADB687ACB5D067B715780C0C9F9,D24B5B1BB735E3FEA972348A41754DFF1A7635444F0726D65439ACB937589325,CB64C7505F81296992164359E7B2C929AE2868F9364FADDE68631AFCA2CC78B4,352159DD65C8D0240C124839CAB15FDEF8DFE9D984435F45AEFFA92CDBABB410,fairness_scalability_development_large__scalability_s1_baseline__baseline__large__seed_160__joint_v1_core_point_strengthened,0x1.76dd2a073519ap+14,65dd20b935b0a42d1d13634a7fd17f2181e71aed811d53ba6f4383433427f9dd,complete,time_limit_uncertified,time_limit,false,1800.0062221998814,3600.0,1789.9174648027401,9.666821500984952,0.0,1800.0062221998814,615,614,7A3C7BF75B0D6D3228B6AA9AC0E8B8E6799A4B4925949C89DBBCBF311C2D2376
3919E271C40BDC86F5EE7FFA582A06DDD325D5BB4EAD453550ED17A6C62DB751,7A3C7BF75B0D6D3228B6AA9AC0E8B8E6799A4B4925949C89DBBCBF311C2D2376,large,2,s1,frontier,160,0.01,single_cut,fairness_scalability_development_large__scalability_s1_frontier__rho_0_01__large__seed_160__single_cut,r_5776ee143222ae9ac43997f8,ec33a047ecd60f4cb473260f1b3c4078726db776,CEB6025CD06DFBE91312827E738A47BF65FFCC2DCDEAFAD56EA5C3B9EE790801,583DEB4E9AFE00104C941DB24B96E6FD4ACEDADB687ACB5D067B715780C0C9F9,D24B5B1BB735E3FEA972348A41754DFF1A7635444F0726D65439ACB937589325,CB64C7505F81296992164359E7B2C929AE2868F9364FADDE68631AFCA2CC78B4,352159DD65C8D0240C124839CAB15FDEF8DFE9D984435F45AEFFA92CDBABB410,fairness_scalability_development_large__scalability_s1_baseline__baseline__large__seed_160__joint_v1_core_point_strengthened,0x1.76dd2a073519ap+14,65dd20b935b0a42d1d13634a7fd17f2181e71aed811d53ba6f4383433427f9dd,complete,time_limit_uncertified,time_limit,false,1800.0081880001817,3600.0,1787.748445100151,9.2838323013857,0.0,1800.0081880001817,527,526,7A3C7BF75B0D6D3228B6AA9AC0E8B8E6799A4B4925949C89DBBCBF311C2D2376
3919E271C40BDC86F5EE7FFA582A06DDD325D5BB4EAD453550ED17A6C62DB751,7A3C7BF75B0D6D3228B6AA9AC0E8B8E6799A4B4925949C89DBBCBF311C2D2376,large,2,s1,baseline,161,NOT_APPLICABLE,joint_v1_core_point_strengthened,fairness_scalability_development_large__scalability_s1_baseline__baseline__large__seed_161__joint_v1_core_point_strengthened,r_9ebfea4aec44f75ded3b2828,ec33a047ecd60f4cb473260f1b3c4078726db776,CEB6025CD06DFBE91312827E738A47BF65FFCC2DCDEAFAD56EA5C3B9EE790801,583DEB4E9AFE00104C941DB24B96E6FD4ACEDADB687ACB5D067B715780C0C9F9,D24B5B1BB735E3FEA972348A41754DFF1A7635444F0726D65439ACB937589325,CB64C7505F81296992164359E7B2C929AE2868F9364FADDE68631AFCA2CC78B4,BDC284C119696505BF447375B4E6D6525CB53B48DE94889B402305D0C0D25502,NOT_APPLICABLE,NOT_APPLICABLE,NOT_APPLICABLE,complete,certified_robust_optimal,optimal,true,818.1310682999901,818.1310682999901,0.0,35.810203202301636,0.0,818.1310682999901,656,656,7A3C7BF75B0D6D3228B6AA9AC0E8B8E6799A4B4925949C89DBBCBF311C2D2376
3919E271C40BDC86F5EE7FFA582A06DDD325D5BB4EAD453550ED17A6C62DB751,7A3C7BF75B0D6D3228B6AA9AC0E8B8E6799A4B4925949C89DBBCBF311C2D2376,large,2,s1,frontier,161,0.0,persistent_certified_cache,fairness_scalability_development_large__scalability_s1_frontier__rho_0__large__seed_161__persistent_certified_cache,r_4fdbebd396b720c5b631e198,ec33a047ecd60f4cb473260f1b3c4078726db776,CEB6025CD06DFBE91312827E738A47BF65FFCC2DCDEAFAD56EA5C3B9EE790801,583DEB4E9AFE00104C941DB24B96E6FD4ACEDADB687ACB5D067B715780C0C9F9,D24B5B1BB735E3FEA972348A41754DFF1A7635444F0726D65439ACB937589325,CB64C7505F81296992164359E7B2C929AE2868F9364FADDE68631AFCA2CC78B4,BDC284C119696505BF447375B4E6D6525CB53B48DE94889B402305D0C0D25502,fairness_scalability_development_large__scalability_s1_baseline__baseline__large__seed_161__joint_v1_core_point_strengthened,0x1.a8c5c634ad27bp+14,c1ee9c4c5ff946ef08224fe3714e6d149c08ef18c3e592967ed5b1807896c871,complete,time_limit_uncertified,time_limit,false,1800.0161004001275,3600.0,98.2954765073955,1699.2760656960309,0.0,1800.0161004001275,4950,4950,7A3C7BF75B0D6D3228B6AA9AC0E8B8E6799A4B4925949C89DBBCBF311C2D2376
3919E271C40BDC86F5EE7FFA582A06DDD325D5BB4EAD453550ED17A6C62DB751,7A3C7BF75B0D6D3228B6AA9AC0E8B8E6799A4B4925949C89DBBCBF311C2D2376,large,2,s1,frontier,161,0.0,persistent_certified_cache_batch5,fairness_scalability_development_large__scalability_s1_frontier__rho_0__large__seed_161__persistent_certified_cache_batch5,r_3ce96b3512e6b4bd860eed17,ec33a047ecd60f4cb473260f1b3c4078726db776,CEB6025CD06DFBE91312827E738A47BF65FFCC2DCDEAFAD56EA5C3B9EE790801,583DEB4E9AFE00104C941DB24B96E6FD4ACEDADB687ACB5D067B715780C0C9F9,D24B5B1BB735E3FEA972348A41754DFF1A7635444F0726D65439ACB937589325,CB64C7505F81296992164359E7B2C929AE2868F9364FADDE68631AFCA2CC78B4,BDC284C119696505BF447375B4E6D6525CB53B48DE94889B402305D0C0D25502,fairness_scalability_development_large__scalability_s1_baseline__baseline__large__seed_161__joint_v1_core_point_strengthened,0x1.a8c5c634ad27bp+14,c1ee9c4c5ff946ef08224fe3714e6d149c08ef18c3e592967ed5b1807896c871,complete,time_limit_uncertified,time_limit,false,1800.0232582001481,3600.0,165.9251015051268,1632.3950527978595,0.0,1800.0232582001481,1800,9000,7A3C7BF75B0D6D3228B6AA9AC0E8B8E6799A4B4925949C89DBBCBF311C2D2376
3919E271C40BDC86F5EE7FFA582A06DDD325D5BB4EAD453550ED17A6C62DB751,7A3C7BF75B0D6D3228B6AA9AC0E8B8E6799A4B4925949C89DBBCBF311C2D2376,large,2,s1,frontier,161,0.0,persistent_separation,fairness_scalability_development_large__scalability_s1_frontier__rho_0__large__seed_161__persistent_separation,r_2eeb9ffcc6fcf5be67a4107a,ec33a047ecd60f4cb473260f1b3c4078726db776,CEB6025CD06DFBE91312827E738A47BF65FFCC2DCDEAFAD56EA5C3B9EE790801,583DEB4E9AFE00104C941DB24B96E6FD4ACEDADB687ACB5D067B715780C0C9F9,D24B5B1BB735E3FEA972348A41754DFF1A7635444F0726D65439ACB937589325,CB64C7505F81296992164359E7B2C929AE2868F9364FADDE68631AFCA2CC78B4,BDC284C119696505BF447375B4E6D6525CB53B48DE94889B402305D0C0D25502,fairness_scalability_development_large__scalability_s1_baseline__baseline__large__seed_161__joint_v1_core_point_strengthened,0x1.a8c5c634ad27bp+14,c1ee9c4c5ff946ef08224fe3714e6d149c08ef18c3e592967ed5b1807896c871,complete,time_limit_uncertified,time_limit,false,1800.007689199876,3600.0,1784.1490157032385,15.554399203974754,0.0,1800.007689199876,506,505,7A3C7BF75B0D6D3228B6AA9AC0E8B8E6799A4B4925949C89DBBCBF311C2D2376
3919E271C40BDC86F5EE7FFA582A06DDD325D5BB4EAD453550ED17A6C62DB751,7A3C7BF75B0D6D3228B6AA9AC0E8B8E6799A4B4925949C89DBBCBF311C2D2376,large,2,s1,frontier,161,0.0,single_cut,fairness_scalability_development_large__scalability_s1_frontier__rho_0__large__seed_161__single_cut,r_77328e1fde767ca0184a9951,ec33a047ecd60f4cb473260f1b3c4078726db776,CEB6025CD06DFBE91312827E738A47BF65FFCC2DCDEAFAD56EA5C3B9EE790801,583DEB4E9AFE00104C941DB24B96E6FD4ACEDADB687ACB5D067B715780C0C9F9,D24B5B1BB735E3FEA972348A41754DFF1A7635444F0726D65439ACB937589325,CB64C7505F81296992164359E7B2C929AE2868F9364FADDE68631AFCA2CC78B4,BDC284C119696505BF447375B4E6D6525CB53B48DE94889B402305D0C0D25502,fairness_scalability_development_large__scalability_s1_baseline__baseline__large__seed_161__joint_v1_core_point_strengthened,0x1.a8c5c634ad27bp+14,c1ee9c4c5ff946ef08224fe3714e6d149c08ef18c3e592967ed5b1807896c871,complete,time_limit_uncertified,time_limit,false,1800.0063522998244,3600.0,1784.4692275987472,13.390270801726729,0.0,1800.0063522998244,439,438,7A3C7BF75B0D6D3228B6AA9AC0E8B8E6799A4B4925949C89DBBCBF311C2D2376
3919E271C40BDC86F5EE7FFA582A06DDD325D5BB4EAD453550ED17A6C62DB751,7A3C7BF75B0D6D3228B6AA9AC0E8B8E6799A4B4925949C89DBBCBF311C2D2376,large,2,s1,frontier,161,0.01,persistent_certified_cache,fairness_scalability_development_large__scalability_s1_frontier__rho_0_01__large__seed_161__persistent_certified_cache,r_e24fbdd1f5f6d6b9b04497c3,ec33a047ecd60f4cb473260f1b3c4078726db776,CEB6025CD06DFBE91312827E738A47BF65FFCC2DCDEAFAD56EA5C3B9EE790801,583DEB4E9AFE00104C941DB24B96E6FD4ACEDADB687ACB5D067B715780C0C9F9,D24B5B1BB735E3FEA972348A41754DFF1A7635444F0726D65439ACB937589325,CB64C7505F81296992164359E7B2C929AE2868F9364FADDE68631AFCA2CC78B4,BDC284C119696505BF447375B4E6D6525CB53B48DE94889B402305D0C0D25502,fairness_scalability_development_large__scalability_s1_baseline__baseline__large__seed_161__joint_v1_core_point_strengthened,0x1.a8c5c634ad27bp+14,c1ee9c4c5ff946ef08224fe3714e6d149c08ef18c3e592967ed5b1807896c871,complete,time_limit_uncertified,time_limit,false,1800.0130738001317,3600.0,95.25708730425686,1702.3305574031547,0.0,1800.0130738001317,4831,4831,7A3C7BF75B0D6D3228B6AA9AC0E8B8E6799A4B4925949C89DBBCBF311C2D2376
3919E271C40BDC86F5EE7FFA582A06DDD325D5BB4EAD453550ED17A6C62DB751,7A3C7BF75B0D6D3228B6AA9AC0E8B8E6799A4B4925949C89DBBCBF311C2D2376,large,2,s1,frontier,161,0.01,persistent_certified_cache_batch5,fairness_scalability_development_large__scalability_s1_frontier__rho_0_01__large__seed_161__persistent_certified_cache_batch5,r_32ae5beeac54f2970298bff1,ec33a047ecd60f4cb473260f1b3c4078726db776,CEB6025CD06DFBE91312827E738A47BF65FFCC2DCDEAFAD56EA5C3B9EE790801,583DEB4E9AFE00104C941DB24B96E6FD4ACEDADB687ACB5D067B715780C0C9F9,D24B5B1BB735E3FEA972348A41754DFF1A7635444F0726D65439ACB937589325,CB64C7505F81296992164359E7B2C929AE2868F9364FADDE68631AFCA2CC78B4,BDC284C119696505BF447375B4E6D6525CB53B48DE94889B402305D0C0D25502,fairness_scalability_development_large__scalability_s1_baseline__baseline__large__seed_161__joint_v1_core_point_strengthened,0x1.a8c5c634ad27bp+14,c1ee9c4c5ff946ef08224fe3714e6d149c08ef18c3e592967ed5b1807896c871,complete,time_limit_uncertified,time_limit,false,1800.0319869001396,3600.0,157.1620621944312,1641.2473973978776,0.0,1800.0319869001396,1716,8580,7A3C7BF75B0D6D3228B6AA9AC0E8B8E6799A4B4925949C89DBBCBF311C2D2376
3919E271C40BDC86F5EE7FFA582A06DDD325D5BB4EAD453550ED17A6C62DB751,7A3C7BF75B0D6D3228B6AA9AC0E8B8E6799A4B4925949C89DBBCBF311C2D2376,large,2,s1,frontier,161,0.01,persistent_separation,fairness_scalability_development_large__scalability_s1_frontier__rho_0_01__large__seed_161__persistent_separation,r_235d9d3effd8874ed679ef6c,ec33a047ecd60f4cb473260f1b3c4078726db776,CEB6025CD06DFBE91312827E738A47BF65FFCC2DCDEAFAD56EA5C3B9EE790801,583DEB4E9AFE00104C941DB24B96E6FD4ACEDADB687ACB5D067B715780C0C9F9,D24B5B1BB735E3FEA972348A41754DFF1A7635444F0726D65439ACB937589325,CB64C7505F81296992164359E7B2C929AE2868F9364FADDE68631AFCA2CC78B4,BDC284C119696505BF447375B4E6D6525CB53B48DE94889B402305D0C0D25502,fairness_scalability_development_large__scalability_s1_baseline__baseline__large__seed_161__joint_v1_core_point_strengthened,0x1.a8c5c634ad27bp+14,c1ee9c4c5ff946ef08224fe3714e6d149c08ef18c3e592967ed5b1807896c871,complete,time_limit_uncertified,time_limit,false,1800.0041539000813,3600.0,1782.820484902244,16.889483101665974,0.0,1800.0041539000813,540,539,7A3C7BF75B0D6D3228B6AA9AC0E8B8E6799A4B4925949C89DBBCBF311C2D2376
3919E271C40BDC86F5EE7FFA582A06DDD325D5BB4EAD453550ED17A6C62DB751,7A3C7BF75B0D6D3228B6AA9AC0E8B8E6799A4B4925949C89DBBCBF311C2D2376,large,2,s1,frontier,161,0.01,single_cut,fairness_scalability_development_large__scalability_s1_frontier__rho_0_01__large__seed_161__single_cut,r_3bbf6818eda149579339df65,ec33a047ecd60f4cb473260f1b3c4078726db776,CEB6025CD06DFBE91312827E738A47BF65FFCC2DCDEAFAD56EA5C3B9EE790801,583DEB4E9AFE00104C941DB24B96E6FD4ACEDADB687ACB5D067B715780C0C9F9,D24B5B1BB735E3FEA972348A41754DFF1A7635444F0726D65439ACB937589325,CB64C7505F81296992164359E7B2C929AE2868F9364FADDE68631AFCA2CC78B4,BDC284C119696505BF447375B4E6D6525CB53B48DE94889B402305D0C0D25502,fairness_scalability_development_large__scalability_s1_baseline__baseline__large__seed_161__joint_v1_core_point_strengthened,0x1.a8c5c634ad27bp+14,c1ee9c4c5ff946ef08224fe3714e6d149c08ef18c3e592967ed5b1807896c871,complete,time_limit_uncertified,time_limit,false,1800.0049422001466,3600.0,1781.2375085954554,16.929629097459838,0.0,1800.0049422001466,535,534,7A3C7BF75B0D6D3228B6AA9AC0E8B8E6799A4B4925949C89DBBCBF311C2D2376
3919E271C40BDC86F5EE7FFA582A06DDD325D5BB4EAD453550ED17A6C62DB751,7A3C7BF75B0D6D3228B6AA9AC0E8B8E6799A4B4925949C89DBBCBF311C2D2376,large,2,s1,baseline,162,NOT_APPLICABLE,joint_v1_core_point_strengthened,fairness_scalability_development_large__scalability_s1_baseline__baseline__large__seed_162__joint_v1_core_point_strengthened,r_dfe9aa9b46d404efd46deaf8,ec33a047ecd60f4cb473260f1b3c4078726db776,CEB6025CD06DFBE91312827E738A47BF65FFCC2DCDEAFAD56EA5C3B9EE790801,583DEB4E9AFE00104C941DB24B96E6FD4ACEDADB687ACB5D067B715780C0C9F9,D24B5B1BB735E3FEA972348A41754DFF1A7635444F0726D65439ACB937589325,CB64C7505F81296992164359E7B2C929AE2868F9364FADDE68631AFCA2CC78B4,7B6DDFC0D7ADB42F248A6C9C2069D11E0241DE7D2A4E6ED1B2C6F88F8936E461,NOT_APPLICABLE,NOT_APPLICABLE,NOT_APPLICABLE,complete,certified_robust_optimal,optimal,true,547.8954674000852,547.8954674000852,0.0,45.53572759940289,0.0,547.8954674000852,668,668,7A3C7BF75B0D6D3228B6AA9AC0E8B8E6799A4B4925949C89DBBCBF311C2D2376
3919E271C40BDC86F5EE7FFA582A06DDD325D5BB4EAD453550ED17A6C62DB751,7A3C7BF75B0D6D3228B6AA9AC0E8B8E6799A4B4925949C89DBBCBF311C2D2376,large,2,s1,frontier,162,0.0,persistent_certified_cache,fairness_scalability_development_large__scalability_s1_frontier__rho_0__large__seed_162__persistent_certified_cache,r_0200f89c466ebd2a4d797da9,ec33a047ecd60f4cb473260f1b3c4078726db776,CEB6025CD06DFBE91312827E738A47BF65FFCC2DCDEAFAD56EA5C3B9EE790801,583DEB4E9AFE00104C941DB24B96E6FD4ACEDADB687ACB5D067B715780C0C9F9,D24B5B1BB735E3FEA972348A41754DFF1A7635444F0726D65439ACB937589325,CB64C7505F81296992164359E7B2C929AE2868F9364FADDE68631AFCA2CC78B4,7B6DDFC0D7ADB42F248A6C9C2069D11E0241DE7D2A4E6ED1B2C6F88F8936E461,fairness_scalability_development_large__scalability_s1_baseline__baseline__large__seed_162__joint_v1_core_point_strengthened,0x1.98e9be62c7a8fp+14,00bb8a59a4c6a0143dd3cd8e49318746869871ec280a058404d535c397d7b097,complete,time_limit_uncertified,time_limit,false,1800.0233781000134,3600.0,141.33861379278824,1655.1579874022864,0.0,1800.0233781000134,7271,7271,7A3C7BF75B0D6D3228B6AA9AC0E8B8E6799A4B4925949C89DBBCBF311C2D2376
3919E271C40BDC86F5EE7FFA582A06DDD325D5BB4EAD453550ED17A6C62DB751,7A3C7BF75B0D6D3228B6AA9AC0E8B8E6799A4B4925949C89DBBCBF311C2D2376,large,2,s1,frontier,162,0.0,persistent_certified_cache_batch5,fairness_scalability_development_large__scalability_s1_frontier__rho_0__large__seed_162__persistent_certified_cache_batch5,r_4287f8aceac6d8dbb37aa903,ec33a047ecd60f4cb473260f1b3c4078726db776,CEB6025CD06DFBE91312827E738A47BF65FFCC2DCDEAFAD56EA5C3B9EE790801,583DEB4E9AFE00104C941DB24B96E6FD4ACEDADB687ACB5D067B715780C0C9F9,D24B5B1BB735E3FEA972348A41754DFF1A7635444F0726D65439ACB937589325,CB64C7505F81296992164359E7B2C929AE2868F9364FADDE68631AFCA2CC78B4,7B6DDFC0D7ADB42F248A6C9C2069D11E0241DE7D2A4E6ED1B2C6F88F8936E461,fairness_scalability_development_large__scalability_s1_baseline__baseline__large__seed_162__joint_v1_core_point_strengthened,0x1.98e9be62c7a8fp+14,00bb8a59a4c6a0143dd3cd8e49318746869871ec280a058404d535c397d7b097,complete,time_limit_uncertified,time_limit,false,1800.030749599915,3600.0,238.8291076987516,1558.6811833085958,0.0,1800.030749599915,2618,13090,7A3C7BF75B0D6D3228B6AA9AC0E8B8E6799A4B4925949C89DBBCBF311C2D2376
3919E271C40BDC86F5EE7FFA582A06DDD325D5BB4EAD453550ED17A6C62DB751,7A3C7BF75B0D6D3228B6AA9AC0E8B8E6799A4B4925949C89DBBCBF311C2D2376,large,2,s1,frontier,162,0.0,persistent_separation,fairness_scalability_development_large__scalability_s1_frontier__rho_0__large__seed_162__persistent_separation,r_eba6fc7a888cd77894f12bd9,ec33a047ecd60f4cb473260f1b3c4078726db776,CEB6025CD06DFBE91312827E738A47BF65FFCC2DCDEAFAD56EA5C3B9EE790801,583DEB4E9AFE00104C941DB24B96E6FD4ACEDADB687ACB5D067B715780C0C9F9,D24B5B1BB735E3FEA972348A41754DFF1A7635444F0726D65439ACB937589325,CB64C7505F81296992164359E7B2C929AE2868F9364FADDE68631AFCA2CC78B4,7B6DDFC0D7ADB42F248A6C9C2069D11E0241DE7D2A4E6ED1B2C6F88F8936E461,fairness_scalability_development_large__scalability_s1_baseline__baseline__large__seed_162__joint_v1_core_point_strengthened,0x1.98e9be62c7a8fp+14,00bb8a59a4c6a0143dd3cd8e49318746869871ec280a058404d535c397d7b097,complete,time_limit_uncertified,time_limit,false,1800.007838799851,3600.0,1790.9059504016768,8.767400902695954,0.0,1800.007838799851,616,615,7A3C7BF75B0D6D3228B6AA9AC0E8B8E6799A4B4925949C89DBBCBF311C2D2376
3919E271C40BDC86F5EE7FFA582A06DDD325D5BB4EAD453550ED17A6C62DB751,7A3C7BF75B0D6D3228B6AA9AC0E8B8E6799A4B4925949C89DBBCBF311C2D2376,large,2,s1,frontier,162,0.0,single_cut,fairness_scalability_development_large__scalability_s1_frontier__rho_0__large__seed_162__single_cut,r_35d845c7191e0ecc46edb382,ec33a047ecd60f4cb473260f1b3c4078726db776,CEB6025CD06DFBE91312827E738A47BF65FFCC2DCDEAFAD56EA5C3B9EE790801,583DEB4E9AFE00104C941DB24B96E6FD4ACEDADB687ACB5D067B715780C0C9F9,D24B5B1BB735E3FEA972348A41754DFF1A7635444F0726D65439ACB937589325,CB64C7505F81296992164359E7B2C929AE2868F9364FADDE68631AFCA2CC78B4,7B6DDFC0D7ADB42F248A6C9C2069D11E0241DE7D2A4E6ED1B2C6F88F8936E461,fairness_scalability_development_large__scalability_s1_baseline__baseline__large__seed_162__joint_v1_core_point_strengthened,0x1.98e9be62c7a8fp+14,00bb8a59a4c6a0143dd3cd8e49318746869871ec280a058404d535c397d7b097,complete,time_limit_uncertified,time_limit,false,1800.008479299955,3600.0,1787.9747579994146,10.073284802725539,0.0,1800.008479299955,646,645,7A3C7BF75B0D6D3228B6AA9AC0E8B8E6799A4B4925949C89DBBCBF311C2D2376
3919E271C40BDC86F5EE7FFA582A06DDD325D5BB4EAD453550ED17A6C62DB751,7A3C7BF75B0D6D3228B6AA9AC0E8B8E6799A4B4925949C89DBBCBF311C2D2376,large,2,s1,frontier,162,0.01,persistent_certified_cache,fairness_scalability_development_large__scalability_s1_frontier__rho_0_01__large__seed_162__persistent_certified_cache,r_d49c7910651200bdcf06bf52,ec33a047ecd60f4cb473260f1b3c4078726db776,CEB6025CD06DFBE91312827E738A47BF65FFCC2DCDEAFAD56EA5C3B9EE790801,583DEB4E9AFE00104C941DB24B96E6FD4ACEDADB687ACB5D067B715780C0C9F9,D24B5B1BB735E3FEA972348A41754DFF1A7635444F0726D65439ACB937589325,CB64C7505F81296992164359E7B2C929AE2868F9364FADDE68631AFCA2CC78B4,7B6DDFC0D7ADB42F248A6C9C2069D11E0241DE7D2A4E6ED1B2C6F88F8936E461,fairness_scalability_development_large__scalability_s1_baseline__baseline__large__seed_162__joint_v1_core_point_strengthened,0x1.98e9be62c7a8fp+14,00bb8a59a4c6a0143dd3cd8e49318746869871ec280a058404d535c397d7b097,complete,time_limit_uncertified,time_limit,false,1800.0148922998924,3600.0,139.82073039538227,1656.431559707038,0.0,1800.0148922998924,7285,7285,7A3C7BF75B0D6D3228B6AA9AC0E8B8E6799A4B4925949C89DBBCBF311C2D2376
3919E271C40BDC86F5EE7FFA582A06DDD325D5BB4EAD453550ED17A6C62DB751,7A3C7BF75B0D6D3228B6AA9AC0E8B8E6799A4B4925949C89DBBCBF311C2D2376,large,2,s1,frontier,162,0.01,persistent_certified_cache_batch5,fairness_scalability_development_large__scalability_s1_frontier__rho_0_01__large__seed_162__persistent_certified_cache_batch5,r_505a9f91bf541bcd6f47ed14,ec33a047ecd60f4cb473260f1b3c4078726db776,CEB6025CD06DFBE91312827E738A47BF65FFCC2DCDEAFAD56EA5C3B9EE790801,583DEB4E9AFE00104C941DB24B96E6FD4ACEDADB687ACB5D067B715780C0C9F9,D24B5B1BB735E3FEA972348A41754DFF1A7635444F0726D65439ACB937589325,CB64C7505F81296992164359E7B2C929AE2868F9364FADDE68631AFCA2CC78B4,7B6DDFC0D7ADB42F248A6C9C2069D11E0241DE7D2A4E6ED1B2C6F88F8936E461,fairness_scalability_development_large__scalability_s1_baseline__baseline__large__seed_162__joint_v1_core_point_strengthened,0x1.98e9be62c7a8fp+14,00bb8a59a4c6a0143dd3cd8e49318746869871ec280a058404d535c397d7b097,complete,time_limit_uncertified,time_limit,false,1800.0630367000122,3600.0,239.58431259985082,1557.9289425958414,0.0,1800.0630367000122,2648,13240,7A3C7BF75B0D6D3228B6AA9AC0E8B8E6799A4B4925949C89DBBCBF311C2D2376
3919E271C40BDC86F5EE7FFA582A06DDD325D5BB4EAD453550ED17A6C62DB751,7A3C7BF75B0D6D3228B6AA9AC0E8B8E6799A4B4925949C89DBBCBF311C2D2376,large,2,s1,frontier,162,0.01,persistent_separation,fairness_scalability_development_large__scalability_s1_frontier__rho_0_01__large__seed_162__persistent_separation,r_370f15027cca5bf4a3cdf341,ec33a047ecd60f4cb473260f1b3c4078726db776,CEB6025CD06DFBE91312827E738A47BF65FFCC2DCDEAFAD56EA5C3B9EE790801,583DEB4E9AFE00104C941DB24B96E6FD4ACEDADB687ACB5D067B715780C0C9F9,D24B5B1BB735E3FEA972348A41754DFF1A7635444F0726D65439ACB937589325,CB64C7505F81296992164359E7B2C929AE2868F9364FADDE68631AFCA2CC78B4,7B6DDFC0D7ADB42F248A6C9C2069D11E0241DE7D2A4E6ED1B2C6F88F8936E461,fairness_scalability_development_large__scalability_s1_baseline__baseline__large__seed_162__joint_v1_core_point_strengthened,0x1.98e9be62c7a8fp+14,00bb8a59a4c6a0143dd3cd8e49318746869871ec280a058404d535c397d7b097,complete,time_limit_uncertified,time_limit,false,1800.008738799952,3600.0,1790.12424389855,9.537133701145649,0.0,1800.008738799952,650,649,7A3C7BF75B0D6D3228B6AA9AC0E8B8E6799A4B4925949C89DBBCBF311C2D2376
3919E271C40BDC86F5EE7FFA582A06DDD325D5BB4EAD453550ED17A6C62DB751,7A3C7BF75B0D6D3228B6AA9AC0E8B8E6799A4B4925949C89DBBCBF311C2D2376,large,2,s1,frontier,162,0.01,single_cut,fairness_scalability_development_large__scalability_s1_frontier__rho_0_01__large__seed_162__single_cut,r_ecbff7e0c352c24c674603c8,ec33a047ecd60f4cb473260f1b3c4078726db776,CEB6025CD06DFBE91312827E738A47BF65FFCC2DCDEAFAD56EA5C3B9EE790801,583DEB4E9AFE00104C941DB24B96E6FD4ACEDADB687ACB5D067B715780C0C9F9,D24B5B1BB735E3FEA972348A41754DFF1A7635444F0726D65439ACB937589325,CB64C7505F81296992164359E7B2C929AE2868F9364FADDE68631AFCA2CC78B4,7B6DDFC0D7ADB42F248A6C9C2069D11E0241DE7D2A4E6ED1B2C6F88F8936E461,fairness_scalability_development_large__scalability_s1_baseline__baseline__large__seed_162__joint_v1_core_point_strengthened,0x1.98e9be62c7a8fp+14,00bb8a59a4c6a0143dd3cd8e49318746869871ec280a058404d535c397d7b097,complete,time_limit_uncertified,time_limit,false,1800.0054331000429,3600.0,1789.8248207988217,8.288013702724129,0.0,1800.0054331000429,591,590,7A3C7BF75B0D6D3228B6AA9AC0E8B8E6799A4B4925949C89DBBCBF311C2D2376
3919E271C40BDC86F5EE7FFA582A06DDD325D5BB4EAD453550ED17A6C62DB751,7A3C7BF75B0D6D3228B6AA9AC0E8B8E6799A4B4925949C89DBBCBF311C2D2376,medium_large,2,s1,baseline,160,NOT_APPLICABLE,joint_v1_core_point_strengthened,fairness_scalability_development_medium_large__scalability_s1_baseline__baseline__medium_large__seed_160__joint_v1_core_point_strengthened,r_85d9db992f68a100c571ebcb,29ae09e968a206b1987714317ff7528165372a46,31FED8028653E6F0D7132F61D73157188320ABA5486A0A66FEF950642D958893,2475EE26B5EA27C4B45B41F5AB9A5326CAA6C3CBB5BF7387AFF12BB1FEEB98D8,89F9298A00488506C0D1416B67DC956E48A3E085AC177720BC52DD1820C28BCC,240A702464FF524AAECEE00F2611EFA7882A64096CFA794C4147189A73C86623,3E62586E83912877EE74D11937523D98B0467A8AB8212FF72B9F61D6A61D29DF,NOT_APPLICABLE,NOT_APPLICABLE,NOT_APPLICABLE,complete,certified_robust_optimal,optimal,true,9.63905270001851,9.63905270001851,0.0,1.8113043003249913,0.0,9.63905270001851,213,213,3919E271C40BDC86F5EE7FFA582A06DDD325D5BB4EAD453550ED17A6C62DB751
3919E271C40BDC86F5EE7FFA582A06DDD325D5BB4EAD453550ED17A6C62DB751,7A3C7BF75B0D6D3228B6AA9AC0E8B8E6799A4B4925949C89DBBCBF311C2D2376,medium_large,2,s1,frontier,160,0.0,persistent_certified_cache,fairness_scalability_development_medium_large__scalability_s1_frontier__rho_0__medium_large__seed_160__persistent_certified_cache,r_12c4bb84939173210fdc650e,29ae09e968a206b1987714317ff7528165372a46,31FED8028653E6F0D7132F61D73157188320ABA5486A0A66FEF950642D958893,2475EE26B5EA27C4B45B41F5AB9A5326CAA6C3CBB5BF7387AFF12BB1FEEB98D8,89F9298A00488506C0D1416B67DC956E48A3E085AC177720BC52DD1820C28BCC,240A702464FF524AAECEE00F2611EFA7882A64096CFA794C4147189A73C86623,3E62586E83912877EE74D11937523D98B0467A8AB8212FF72B9F61D6A61D29DF,fairness_scalability_development_medium_large__scalability_s1_baseline__baseline__medium_large__seed_160__joint_v1_core_point_strengthened,0x1.678a4a2222bdcp+14,199146520ed8615e6f16011bdd75e1ef59deee48a4918bed8545427679b73bf9,complete,certified_robust_optimal,optimal,true,69.37525839987211,69.37525839987211,19.2260336028412,49.633332900935784,7.335165300406516,82.26949939830229,1085,1083,3919E271C40BDC86F5EE7FFA582A06DDD325D5BB4EAD453550ED17A6C62DB751
3919E271C40BDC86F5EE7FFA582A06DDD325D5BB4EAD453550ED17A6C62DB751,7A3C7BF75B0D6D3228B6AA9AC0E8B8E6799A4B4925949C89DBBCBF311C2D2376,medium_large,2,s1,frontier,160,0.0,persistent_certified_cache_batch5,fairness_scalability_development_medium_large__scalability_s1_frontier__rho_0__medium_large__seed_160__persistent_certified_cache_batch5,r_735a24796834ba077938b2f2,29ae09e968a206b1987714317ff7528165372a46,31FED8028653E6F0D7132F61D73157188320ABA5486A0A66FEF950642D958893,2475EE26B5EA27C4B45B41F5AB9A5326CAA6C3CBB5BF7387AFF12BB1FEEB98D8,89F9298A00488506C0D1416B67DC956E48A3E085AC177720BC52DD1820C28BCC,240A702464FF524AAECEE00F2611EFA7882A64096CFA794C4147189A73C86623,3E62586E83912877EE74D11937523D98B0467A8AB8212FF72B9F61D6A61D29DF,fairness_scalability_development_medium_large__scalability_s1_baseline__baseline__medium_large__seed_160__joint_v1_core_point_strengthened,0x1.678a4a2222bdcp+14,199146520ed8615e6f16011bdd75e1ef59deee48a4918bed8545427679b73bf9,complete,certified_robust_optimal,optimal,true,33.6449479998555,33.6449479998555,20.01322530163452,13.347011900041252,6.622557601192966,45.22130740224384,247,1090,3919E271C40BDC86F5EE7FFA582A06DDD325D5BB4EAD453550ED17A6C62DB751
3919E271C40BDC86F5EE7FFA582A06DDD325D5BB4EAD453550ED17A6C62DB751,7A3C7BF75B0D6D3228B6AA9AC0E8B8E6799A4B4925949C89DBBCBF311C2D2376,medium_large,2,s1,frontier,160,0.0,persistent_separation,fairness_scalability_development_medium_large__scalability_s1_frontier__rho_0__medium_large__seed_160__persistent_separation,r_23eb32609e3809b6d9591215,29ae09e968a206b1987714317ff7528165372a46,31FED8028653E6F0D7132F61D73157188320ABA5486A0A66FEF950642D958893,2475EE26B5EA27C4B45B41F5AB9A5326CAA6C3CBB5BF7387AFF12BB1FEEB98D8,89F9298A00488506C0D1416B67DC956E48A3E085AC177720BC52DD1820C28BCC,240A702464FF524AAECEE00F2611EFA7882A64096CFA794C4147189A73C86623,3E62586E83912877EE74D11937523D98B0467A8AB8212FF72B9F61D6A61D29DF,fairness_scalability_development_medium_large__scalability_s1_baseline__baseline__medium_large__seed_160__joint_v1_core_point_strengthened,0x1.678a4a2222bdcp+14,199146520ed8615e6f16011bdd75e1ef59deee48a4918bed8545427679b73bf9,complete,certified_robust_optimal,optimal,true,419.4701268998906,419.4701268998906,414.4783199976664,4.821418202249333,6.946165599860251,431.8929112004116,338,336,3919E271C40BDC86F5EE7FFA582A06DDD325D5BB4EAD453550ED17A6C62DB751
3919E271C40BDC86F5EE7FFA582A06DDD325D5BB4EAD453550ED17A6C62DB751,7A3C7BF75B0D6D3228B6AA9AC0E8B8E6799A4B4925949C89DBBCBF311C2D2376,medium_large,2,s1,frontier,160,0.0,single_cut,fairness_scalability_development_medium_large__scalability_s1_frontier__rho_0__medium_large__seed_160__single_cut,r_a5adbfcf650f258ca73f9e32,29ae09e968a206b1987714317ff7528165372a46,31FED8028653E6F0D7132F61D73157188320ABA5486A0A66FEF950642D958893,2475EE26B5EA27C4B45B41F5AB9A5326CAA6C3CBB5BF7387AFF12BB1FEEB98D8,89F9298A00488506C0D1416B67DC956E48A3E085AC177720BC52DD1820C28BCC,240A702464FF524AAECEE00F2611EFA7882A64096CFA794C4147189A73C86623,3E62586E83912877EE74D11937523D98B0467A8AB8212FF72B9F61D6A61D29DF,fairness_scalability_development_medium_large__scalability_s1_baseline__baseline__medium_large__seed_160__joint_v1_core_point_strengthened,0x1.678a4a2222bdcp+14,199146520ed8615e6f16011bdd75e1ef59deee48a4918bed8545427679b73bf9,complete,certified_robust_optimal,optimal,true,426.8123994998168,426.8123994998168,420.2849106991198,5.573911298532039,7.173987299902365,438.7991068013944,350,348,3919E271C40BDC86F5EE7FFA582A06DDD325D5BB4EAD453550ED17A6C62DB751
3919E271C40BDC86F5EE7FFA582A06DDD325D5BB4EAD453550ED17A6C62DB751,7A3C7BF75B0D6D3228B6AA9AC0E8B8E6799A4B4925949C89DBBCBF311C2D2376,medium_large,2,s1,frontier,160,0.01,persistent_certified_cache,fairness_scalability_development_medium_large__scalability_s1_frontier__rho_0_01__medium_large__seed_160__persistent_certified_cache,r_8e5a6a81e96e6bc818530021,29ae09e968a206b1987714317ff7528165372a46,31FED8028653E6F0D7132F61D73157188320ABA5486A0A66FEF950642D958893,2475EE26B5EA27C4B45B41F5AB9A5326CAA6C3CBB5BF7387AFF12BB1FEEB98D8,89F9298A00488506C0D1416B67DC956E48A3E085AC177720BC52DD1820C28BCC,240A702464FF524AAECEE00F2611EFA7882A64096CFA794C4147189A73C86623,3E62586E83912877EE74D11937523D98B0467A8AB8212FF72B9F61D6A61D29DF,fairness_scalability_development_medium_large__scalability_s1_baseline__baseline__medium_large__seed_160__joint_v1_core_point_strengthened,0x1.678a4a2222bdcp+14,199146520ed8615e6f16011bdd75e1ef59deee48a4918bed8545427679b73bf9,complete,certified_robust_optimal,optimal,true,75.67361279996112,75.67361279996112,22.905467599630356,52.1822521998547,9.210511101409793,90.21088680322282,1079,1077,3919E271C40BDC86F5EE7FFA582A06DDD325D5BB4EAD453550ED17A6C62DB751
3919E271C40BDC86F5EE7FFA582A06DDD325D5BB4EAD453550ED17A6C62DB751,7A3C7BF75B0D6D3228B6AA9AC0E8B8E6799A4B4925949C89DBBCBF311C2D2376,medium_large,2,s1,frontier,160,0.01,persistent_certified_cache_batch5,fairness_scalability_development_medium_large__scalability_s1_frontier__rho_0_01__medium_large__seed_160__persistent_certified_cache_batch5,r_1e9a4d7ab1e4c74204a02146,29ae09e968a206b1987714317ff7528165372a46,31FED8028653E6F0D7132F61D73157188320ABA5486A0A66FEF950642D958893,2475EE26B5EA27C4B45B41F5AB9A5326CAA6C3CBB5BF7387AFF12BB1FEEB98D8,89F9298A00488506C0D1416B67DC956E48A3E085AC177720BC52DD1820C28BCC,240A702464FF524AAECEE00F2611EFA7882A64096CFA794C4147189A73C86623,3E62586E83912877EE74D11937523D98B0467A8AB8212FF72B9F61D6A61D29DF,fairness_scalability_development_medium_large__scalability_s1_baseline__baseline__medium_large__seed_160__joint_v1_core_point_strengthened,0x1.678a4a2222bdcp+14,199146520ed8615e6f16011bdd75e1ef59deee48a4918bed8545427679b73bf9,complete,certified_robust_optimal,optimal,true,33.12565840012394,33.12565840012394,21.275371100753546,11.56837660097517,9.617788100149482,49.28431590110995,249,1076,3919E271C40BDC86F5EE7FFA582A06DDD325D5BB4EAD453550ED17A6C62DB751
3919E271C40BDC86F5EE7FFA582A06DDD325D5BB4EAD453550ED17A6C62DB751,7A3C7BF75B0D6D3228B6AA9AC0E8B8E6799A4B4925949C89DBBCBF311C2D2376,medium_large,2,s1,frontier,160,0.01,persistent_separation,fairness_scalability_development_medium_large__scalability_s1_frontier__rho_0_01__medium_large__seed_160__persistent_separation,r_b93d62c463db24346b0d453b,29ae09e968a206b1987714317ff7528165372a46,31FED8028653E6F0D7132F61D73157188320ABA5486A0A66FEF950642D958893,2475EE26B5EA27C4B45B41F5AB9A5326CAA6C3CBB5BF7387AFF12BB1FEEB98D8,89F9298A00488506C0D1416B67DC956E48A3E085AC177720BC52DD1820C28BCC,240A702464FF524AAECEE00F2611EFA7882A64096CFA794C4147189A73C86623,3E62586E83912877EE74D11937523D98B0467A8AB8212FF72B9F61D6A61D29DF,fairness_scalability_development_medium_large__scalability_s1_baseline__baseline__medium_large__seed_160__joint_v1_core_point_strengthened,0x1.678a4a2222bdcp+14,199146520ed8615e6f16011bdd75e1ef59deee48a4918bed8545427679b73bf9,complete,certified_robust_optimal,optimal,true,477.0255935001187,477.0255935001187,471.9577296981588,4.909511300735176,11.077302299439907,494.8756826990284,307,305,3919E271C40BDC86F5EE7FFA582A06DDD325D5BB4EAD453550ED17A6C62DB751
3919E271C40BDC86F5EE7FFA582A06DDD325D5BB4EAD453550ED17A6C62DB751,7A3C7BF75B0D6D3228B6AA9AC0E8B8E6799A4B4925949C89DBBCBF311C2D2376,medium_large,2,s1,frontier,160,0.01,single_cut,fairness_scalability_development_medium_large__scalability_s1_frontier__rho_0_01__medium_large__seed_160__single_cut,r_d005a6b7e0b549ba098c7a08,29ae09e968a206b1987714317ff7528165372a46,31FED8028653E6F0D7132F61D73157188320ABA5486A0A66FEF950642D958893,2475EE26B5EA27C4B45B41F5AB9A5326CAA6C3CBB5BF7387AFF12BB1FEEB98D8,89F9298A00488506C0D1416B67DC956E48A3E085AC177720BC52DD1820C28BCC,240A702464FF524AAECEE00F2611EFA7882A64096CFA794C4147189A73C86623,3E62586E83912877EE74D11937523D98B0467A8AB8212FF72B9F61D6A61D29DF,fairness_scalability_development_medium_large__scalability_s1_baseline__baseline__medium_large__seed_160__joint_v1_core_point_strengthened,0x1.678a4a2222bdcp+14,199146520ed8615e6f16011bdd75e1ef59deee48a4918bed8545427679b73bf9,complete,certified_robust_optimal,optimal,true,504.21091719996184,504.21091719996184,497.2978430998046,5.820460601244122,9.126990000484511,518.8401069000829,308,306,3919E271C40BDC86F5EE7FFA582A06DDD325D5BB4EAD453550ED17A6C62DB751
3919E271C40BDC86F5EE7FFA582A06DDD325D5BB4EAD453550ED17A6C62DB751,7A3C7BF75B0D6D3228B6AA9AC0E8B8E6799A4B4925949C89DBBCBF311C2D2376,medium_large,2,s1,baseline,161,NOT_APPLICABLE,joint_v1_core_point_strengthened,fairness_scalability_development_medium_large__scalability_s1_baseline__baseline__medium_large__seed_161__joint_v1_core_point_strengthened,r_5eb290ede34f949e7874a993,29ae09e968a206b1987714317ff7528165372a46,31FED8028653E6F0D7132F61D73157188320ABA5486A0A66FEF950642D958893,2475EE26B5EA27C4B45B41F5AB9A5326CAA6C3CBB5BF7387AFF12BB1FEEB98D8,89F9298A00488506C0D1416B67DC956E48A3E085AC177720BC52DD1820C28BCC,240A702464FF524AAECEE00F2611EFA7882A64096CFA794C4147189A73C86623,D8A22218EF23FF9E9DC1F38E4AD5A56235210539709602A5B3F2E5F780578417,NOT_APPLICABLE,NOT_APPLICABLE,NOT_APPLICABLE,complete,certified_robust_optimal,optimal,true,71.20350180007517,71.20350180007517,0.0,7.989026699680835,0.0,71.20350180007517,299,299,3919E271C40BDC86F5EE7FFA582A06DDD325D5BB4EAD453550ED17A6C62DB751
3919E271C40BDC86F5EE7FFA582A06DDD325D5BB4EAD453550ED17A6C62DB751,7A3C7BF75B0D6D3228B6AA9AC0E8B8E6799A4B4925949C89DBBCBF311C2D2376,medium_large,2,s1,frontier,161,0.0,persistent_certified_cache,fairness_scalability_development_medium_large__scalability_s1_frontier__rho_0__medium_large__seed_161__persistent_certified_cache,r_62db253952c583959aa63e38,29ae09e968a206b1987714317ff7528165372a46,31FED8028653E6F0D7132F61D73157188320ABA5486A0A66FEF950642D958893,2475EE26B5EA27C4B45B41F5AB9A5326CAA6C3CBB5BF7387AFF12BB1FEEB98D8,89F9298A00488506C0D1416B67DC956E48A3E085AC177720BC52DD1820C28BCC,240A702464FF524AAECEE00F2611EFA7882A64096CFA794C4147189A73C86623,D8A22218EF23FF9E9DC1F38E4AD5A56235210539709602A5B3F2E5F780578417,fairness_scalability_development_medium_large__scalability_s1_baseline__baseline__medium_large__seed_161__joint_v1_core_point_strengthened,0x1.04bc014b50834p+14,33596c037114cc8cd58af990903e5c88564837038c381c6402f1f663b1e1f840,complete,time_limit_uncertified,time_limit,false,1800.021497800015,3600.0,85.37154401210137,1711.3828150883783,0.0,1800.021497800015,7214,7214,3919E271C40BDC86F5EE7FFA582A06DDD325D5BB4EAD453550ED17A6C62DB751
3919E271C40BDC86F5EE7FFA582A06DDD325D5BB4EAD453550ED17A6C62DB751,7A3C7BF75B0D6D3228B6AA9AC0E8B8E6799A4B4925949C89DBBCBF311C2D2376,medium_large,2,s1,frontier,161,0.0,persistent_certified_cache_batch5,fairness_scalability_development_medium_large__scalability_s1_frontier__rho_0__medium_large__seed_161__persistent_certified_cache_batch5,r_2ed3aecc850fc202994d3f78,29ae09e968a206b1987714317ff7528165372a46,31FED8028653E6F0D7132F61D73157188320ABA5486A0A66FEF950642D958893,2475EE26B5EA27C4B45B41F5AB9A5326CAA6C3CBB5BF7387AFF12BB1FEEB98D8,89F9298A00488506C0D1416B67DC956E48A3E085AC177720BC52DD1820C28BCC,240A702464FF524AAECEE00F2611EFA7882A64096CFA794C4147189A73C86623,D8A22218EF23FF9E9DC1F38E4AD5A56235210539709602A5B3F2E5F780578417,fairness_scalability_development_medium_large__scalability_s1_baseline__baseline__medium_large__seed_161__joint_v1_core_point_strengthened,0x1.04bc014b50834p+14,33596c037114cc8cd58af990903e5c88564837038c381c6402f1f663b1e1f840,complete,certified_robust_optimal,optimal,true,362.2756171000656,362.2756171000656,83.45786609849893,277.3528558027465,8.593405199004337,376.3839590998832,1202,5778,3919E271C40BDC86F5EE7FFA582A06DDD325D5BB4EAD453550ED17A6C62DB751
3919E271C40BDC86F5EE7FFA582A06DDD325D5BB4EAD453550ED17A6C62DB751,7A3C7BF75B0D6D3228B6AA9AC0E8B8E6799A4B4925949C89DBBCBF311C2D2376,medium_large,2,s1,frontier,161,0.0,persistent_separation,fairness_scalability_development_medium_large__scalability_s1_frontier__rho_0__medium_large__seed_161__persistent_separation,r_bddd67199ee5c960d485a3fc,29ae09e968a206b1987714317ff7528165372a46,31FED8028653E6F0D7132F61D73157188320ABA5486A0A66FEF950642D958893,2475EE26B5EA27C4B45B41F5AB9A5326CAA6C3CBB5BF7387AFF12BB1FEEB98D8,89F9298A00488506C0D1416B67DC956E48A3E085AC177720BC52DD1820C28BCC,240A702464FF524AAECEE00F2611EFA7882A64096CFA794C4147189A73C86623,D8A22218EF23FF9E9DC1F38E4AD5A56235210539709602A5B3F2E5F780578417,fairness_scalability_development_medium_large__scalability_s1_baseline__baseline__medium_large__seed_161__joint_v1_core_point_strengthened,0x1.04bc014b50834p+14,33596c037114cc8cd58af990903e5c88564837038c381c6402f1f663b1e1f840,complete,certified_robust_optimal,optimal,true,456.8371691000648,456.8371691000648,440.0789931989275,16.54267539922148,9.696996899787337,473.4395308000967,412,410,3919E271C40BDC86F5EE7FFA582A06DDD325D5BB4EAD453550ED17A6C62DB751
3919E271C40BDC86F5EE7FFA582A06DDD325D5BB4EAD453550ED17A6C62DB751,7A3C7BF75B0D6D3228B6AA9AC0E8B8E6799A4B4925949C89DBBCBF311C2D2376,medium_large,2,s1,frontier,161,0.0,single_cut,fairness_scalability_development_medium_large__scalability_s1_frontier__rho_0__medium_large__seed_161__single_cut,r_18fe0586484711443f8a857d,29ae09e968a206b1987714317ff7528165372a46,31FED8028653E6F0D7132F61D73157188320ABA5486A0A66FEF950642D958893,2475EE26B5EA27C4B45B41F5AB9A5326CAA6C3CBB5BF7387AFF12BB1FEEB98D8,89F9298A00488506C0D1416B67DC956E48A3E085AC177720BC52DD1820C28BCC,240A702464FF524AAECEE00F2611EFA7882A64096CFA794C4147189A73C86623,D8A22218EF23FF9E9DC1F38E4AD5A56235210539709602A5B3F2E5F780578417,fairness_scalability_development_medium_large__scalability_s1_baseline__baseline__medium_large__seed_161__joint_v1_core_point_strengthened,0x1.04bc014b50834p+14,33596c037114cc8cd58af990903e5c88564837038c381c6402f1f663b1e1f840,complete,certified_robust_optimal,optimal,true,442.2352785000112,442.2352785000112,425.3768889012281,15.630061397328973,7.107744298409671,454.1681973992381,400,398,3919E271C40BDC86F5EE7FFA582A06DDD325D5BB4EAD453550ED17A6C62DB751
3919E271C40BDC86F5EE7FFA582A06DDD325D5BB4EAD453550ED17A6C62DB751,7A3C7BF75B0D6D3228B6AA9AC0E8B8E6799A4B4925949C89DBBCBF311C2D2376,medium_large,2,s1,frontier,161,0.01,persistent_certified_cache,fairness_scalability_development_medium_large__scalability_s1_frontier__rho_0_01__medium_large__seed_161__persistent_certified_cache,r_a6cc70936c20fb6369711cfd,29ae09e968a206b1987714317ff7528165372a46,31FED8028653E6F0D7132F61D73157188320ABA5486A0A66FEF950642D958893,2475EE26B5EA27C4B45B41F5AB9A5326CAA6C3CBB5BF7387AFF12BB1FEEB98D8,89F9298A00488506C0D1416B67DC956E48A3E085AC177720BC52DD1820C28BCC,240A702464FF524AAECEE00F2611EFA7882A64096CFA794C4147189A73C86623,D8A22218EF23FF9E9DC1F38E4AD5A56235210539709602A5B3F2E5F780578417,fairness_scalability_development_medium_large__scalability_s1_baseline__baseline__medium_large__seed_161__joint_v1_core_point_strengthened,0x1.04bc014b50834p+14,33596c037114cc8cd58af990903e5c88564837038c381c6402f1f663b1e1f840,complete,unknown_uncertified,separation_stalled_duplicate,false,346.5542242999654,3600.0,43.61239249887876,301.3020398011431,0.0,346.5542242999654,3633,3632,3919E271C40BDC86F5EE7FFA582A06DDD325D5BB4EAD453550ED17A6C62DB751
3919E271C40BDC86F5EE7FFA582A06DDD325D5BB4EAD453550ED17A6C62DB751,7A3C7BF75B0D6D3228B6AA9AC0E8B8E6799A4B4925949C89DBBCBF311C2D2376,medium_large,2,s1,frontier,161,0.01,persistent_certified_cache_batch5,fairness_scalability_development_medium_large__scalability_s1_frontier__rho_0_01__medium_large__seed_161__persistent_certified_cache_batch5,r_a8b0415fcc4c29c8714a00ba,29ae09e968a206b1987714317ff7528165372a46,31FED8028653E6F0D7132F61D73157188320ABA5486A0A66FEF950642D958893,2475EE26B5EA27C4B45B41F5AB9A5326CAA6C3CBB5BF7387AFF12BB1FEEB98D8,89F9298A00488506C0D1416B67DC956E48A3E085AC177720BC52DD1820C28BCC,240A702464FF524AAECEE00F2611EFA7882A64096CFA794C4147189A73C86623,D8A22218EF23FF9E9DC1F38E4AD5A56235210539709602A5B3F2E5F780578417,fairness_scalability_development_medium_large__scalability_s1_baseline__baseline__medium_large__seed_161__joint_v1_core_point_strengthened,0x1.04bc014b50834p+14,33596c037114cc8cd58af990903e5c88564837038c381c6402f1f663b1e1f840,complete,certified_robust_optimal,optimal,true,456.08220580010675,456.08220580010675,96.24081600876525,358.2285256006289,7.672777600586414,468.8961535000708,1559,7721,3919E271C40BDC86F5EE7FFA582A06DDD325D5BB4EAD453550ED17A6C62DB751
3919E271C40BDC86F5EE7FFA582A06DDD325D5BB4EAD453550ED17A6C62DB751,7A3C7BF75B0D6D3228B6AA9AC0E8B8E6799A4B4925949C89DBBCBF311C2D2376,medium_large,2,s1,frontier,161,0.01,persistent_separation,fairness_scalability_development_medium_large__scalability_s1_frontier__rho_0_01__medium_large__seed_161__persistent_separation,r_66298f6052b600bb20c0ac36,29ae09e968a206b1987714317ff7528165372a46,31FED8028653E6F0D7132F61D73157188320ABA5486A0A66FEF950642D958893,2475EE26B5EA27C4B45B41F5AB9A5326CAA6C3CBB5BF7387AFF12BB1FEEB98D8,89F9298A00488506C0D1416B67DC956E48A3E085AC177720BC52DD1820C28BCC,240A702464FF524AAECEE00F2611EFA7882A64096CFA794C4147189A73C86623,D8A22218EF23FF9E9DC1F38E4AD5A56235210539709602A5B3F2E5F780578417,fairness_scalability_development_medium_large__scalability_s1_baseline__baseline__medium_large__seed_161__joint_v1_core_point_strengthened,0x1.04bc014b50834p+14,33596c037114cc8cd58af990903e5c88564837038c381c6402f1f663b1e1f840,complete,certified_robust_optimal,optimal,true,376.73404829995707,376.73404829995707,364.50216239877045,12.039025699719787,8.36135660042055,390.64632240124047,400,398,3919E271C40BDC86F5EE7FFA582A06DDD325D5BB4EAD453550ED17A6C62DB751
3919E271C40BDC86F5EE7FFA582A06DDD325D5BB4EAD453550ED17A6C62DB751,7A3C7BF75B0D6D3228B6AA9AC0E8B8E6799A4B4925949C89DBBCBF311C2D2376,medium_large,2,s1,frontier,161,0.01,single_cut,fairness_scalability_development_medium_large__scalability_s1_frontier__rho_0_01__medium_large__seed_161__single_cut,r_f9832210cc289c941bef8c7f,29ae09e968a206b1987714317ff7528165372a46,31FED8028653E6F0D7132F61D73157188320ABA5486A0A66FEF950642D958893,2475EE26B5EA27C4B45B41F5AB9A5326CAA6C3CBB5BF7387AFF12BB1FEEB98D8,89F9298A00488506C0D1416B67DC956E48A3E085AC177720BC52DD1820C28BCC,240A702464FF524AAECEE00F2611EFA7882A64096CFA794C4147189A73C86623,D8A22218EF23FF9E9DC1F38E4AD5A56235210539709602A5B3F2E5F780578417,fairness_scalability_development_medium_large__scalability_s1_baseline__baseline__medium_large__seed_161__joint_v1_core_point_strengthened,0x1.04bc014b50834p+14,33596c037114cc8cd58af990903e5c88564837038c381c6402f1f663b1e1f840,complete,certified_robust_optimal,optimal,true,412.0690756998956,412.0690756998956,396.34123199782334,14.45958689879626,9.095534600317478,427.131072900258,424,422,3919E271C40BDC86F5EE7FFA582A06DDD325D5BB4EAD453550ED17A6C62DB751
3919E271C40BDC86F5EE7FFA582A06DDD325D5BB4EAD453550ED17A6C62DB751,7A3C7BF75B0D6D3228B6AA9AC0E8B8E6799A4B4925949C89DBBCBF311C2D2376,medium_large,2,s1,baseline,162,NOT_APPLICABLE,joint_v1_core_point_strengthened,fairness_scalability_development_medium_large__scalability_s1_baseline__baseline__medium_large__seed_162__joint_v1_core_point_strengthened,r_e93dbe81ebcf6464a2e795f7,29ae09e968a206b1987714317ff7528165372a46,31FED8028653E6F0D7132F61D73157188320ABA5486A0A66FEF950642D958893,2475EE26B5EA27C4B45B41F5AB9A5326CAA6C3CBB5BF7387AFF12BB1FEEB98D8,89F9298A00488506C0D1416B67DC956E48A3E085AC177720BC52DD1820C28BCC,240A702464FF524AAECEE00F2611EFA7882A64096CFA794C4147189A73C86623,C8CEB77E056A6E55A1C7A90A0C22C88347F736910E0E850188674CE6745C51D1,NOT_APPLICABLE,NOT_APPLICABLE,NOT_APPLICABLE,complete,certified_robust_optimal,optimal,true,9.862455999944359,9.862455999944359,0.0,0.9085326986387372,0.0,9.862455999944359,164,164,3919E271C40BDC86F5EE7FFA582A06DDD325D5BB4EAD453550ED17A6C62DB751
3919E271C40BDC86F5EE7FFA582A06DDD325D5BB4EAD453550ED17A6C62DB751,7A3C7BF75B0D6D3228B6AA9AC0E8B8E6799A4B4925949C89DBBCBF311C2D2376,medium_large,2,s1,frontier,162,0.0,persistent_certified_cache,fairness_scalability_development_medium_large__scalability_s1_frontier__rho_0__medium_large__seed_162__persistent_certified_cache,r_a3448f5fed8cd5ec0877ca2a,29ae09e968a206b1987714317ff7528165372a46,31FED8028653E6F0D7132F61D73157188320ABA5486A0A66FEF950642D958893,2475EE26B5EA27C4B45B41F5AB9A5326CAA6C3CBB5BF7387AFF12BB1FEEB98D8,89F9298A00488506C0D1416B67DC956E48A3E085AC177720BC52DD1820C28BCC,240A702464FF524AAECEE00F2611EFA7882A64096CFA794C4147189A73C86623,C8CEB77E056A6E55A1C7A90A0C22C88347F736910E0E850188674CE6745C51D1,fairness_scalability_development_medium_large__scalability_s1_baseline__baseline__medium_large__seed_162__joint_v1_core_point_strengthened,0x1.4a5e6d3a505acp+14,1f9a152efcce469985dcb6718add2f15ba834506f3ffb317021c851b4f610190,complete,unknown_uncertified,separation_stalled_duplicate,false,74.72554189991206,3600.0,17.52258350327611,56.66422160016373,0.0,74.72554189991206,1221,1220,3919E271C40BDC86F5EE7FFA582A06DDD325D5BB4EAD453550ED17A6C62DB751
3919E271C40BDC86F5EE7FFA582A06DDD325D5BB4EAD453550ED17A6C62DB751,7A3C7BF75B0D6D3228B6AA9AC0E8B8E6799A4B4925949C89DBBCBF311C2D2376,medium_large,2,s1,frontier,162,0.0,persistent_certified_cache_batch5,fairness_scalability_development_medium_large__scalability_s1_frontier__rho_0__medium_large__seed_162__persistent_certified_cache_batch5,r_5ab6c9eb60924bda1f99f1be,29ae09e968a206b1987714317ff7528165372a46,31FED8028653E6F0D7132F61D73157188320ABA5486A0A66FEF950642D958893,2475EE26B5EA27C4B45B41F5AB9A5326CAA6C3CBB5BF7387AFF12BB1FEEB98D8,89F9298A00488506C0D1416B67DC956E48A3E085AC177720BC52DD1820C28BCC,240A702464FF524AAECEE00F2611EFA7882A64096CFA794C4147189A73C86623,C8CEB77E056A6E55A1C7A90A0C22C88347F736910E0E850188674CE6745C51D1,fairness_scalability_development_medium_large__scalability_s1_baseline__baseline__medium_large__seed_162__joint_v1_core_point_strengthened,0x1.4a5e6d3a505acp+14,1f9a152efcce469985dcb6718add2f15ba834506f3ffb317021c851b4f610190,complete,certified_robust_optimal,optimal,true,35.4295429000631,35.4295429000631,23.65756900352426,11.360683399252594,9.118331000208855,50.53746520006098,256,1132,3919E271C40BDC86F5EE7FFA582A06DDD325D5BB4EAD453550ED17A6C62DB751
3919E271C40BDC86F5EE7FFA582A06DDD325D5BB4EAD453550ED17A6C62DB751,7A3C7BF75B0D6D3228B6AA9AC0E8B8E6799A4B4925949C89DBBCBF311C2D2376,medium_large,2,s1,frontier,162,0.0,persistent_separation,fairness_scalability_development_medium_large__scalability_s1_frontier__rho_0__medium_large__seed_162__persistent_separation,r_6e74b38facc734c553b3e8bb,29ae09e968a206b1987714317ff7528165372a46,31FED8028653E6F0D7132F61D73157188320ABA5486A0A66FEF950642D958893,2475EE26B5EA27C4B45B41F5AB9A5326CAA6C3CBB5BF7387AFF12BB1FEEB98D8,89F9298A00488506C0D1416B67DC956E48A3E085AC177720BC52DD1820C28BCC,240A702464FF524AAECEE00F2611EFA7882A64096CFA794C4147189A73C86623,C8CEB77E056A6E55A1C7A90A0C22C88347F736910E0E850188674CE6745C51D1,fairness_scalability_development_medium_large__scalability_s1_baseline__baseline__medium_large__seed_162__joint_v1_core_point_strengthened,0x1.4a5e6d3a505acp+14,1f9a152efcce469985dcb6718add2f15ba834506f3ffb317021c851b4f610190,complete,certified_robust_optimal,optimal,true,255.34326209989376,255.34326209989376,253.709868702339,1.5371172020677477,7.753048600861803,268.2312177007552,196,194,3919E271C40BDC86F5EE7FFA582A06DDD325D5BB4EAD453550ED17A6C62DB751
3919E271C40BDC86F5EE7FFA582A06DDD325D5BB4EAD453550ED17A6C62DB751,7A3C7BF75B0D6D3228B6AA9AC0E8B8E6799A4B4925949C89DBBCBF311C2D2376,medium_large,2,s1,frontier,162,0.0,single_cut,fairness_scalability_development_medium_large__scalability_s1_frontier__rho_0__medium_large__seed_162__single_cut,r_a8cc13049e11b7551490f94f,29ae09e968a206b1987714317ff7528165372a46,31FED8028653E6F0D7132F61D73157188320ABA5486A0A66FEF950642D958893,2475EE26B5EA27C4B45B41F5AB9A5326CAA6C3CBB5BF7387AFF12BB1FEEB98D8,89F9298A00488506C0D1416B67DC956E48A3E085AC177720BC52DD1820C28BCC,240A702464FF524AAECEE00F2611EFA7882A64096CFA794C4147189A73C86623,C8CEB77E056A6E55A1C7A90A0C22C88347F736910E0E850188674CE6745C51D1,fairness_scalability_development_medium_large__scalability_s1_baseline__baseline__medium_large__seed_162__joint_v1_core_point_strengthened,0x1.4a5e6d3a505acp+14,1f9a152efcce469985dcb6718add2f15ba834506f3ffb317021c851b4f610190,complete,certified_robust_optimal,optimal,true,252.07965329987928,252.07965329987928,249.8292740972247,1.6811865996569395,9.041998001979664,266.78727000323124,201,199,3919E271C40BDC86F5EE7FFA582A06DDD325D5BB4EAD453550ED17A6C62DB751
3919E271C40BDC86F5EE7FFA582A06DDD325D5BB4EAD453550ED17A6C62DB751,7A3C7BF75B0D6D3228B6AA9AC0E8B8E6799A4B4925949C89DBBCBF311C2D2376,medium_large,2,s1,frontier,162,0.01,persistent_certified_cache,fairness_scalability_development_medium_large__scalability_s1_frontier__rho_0_01__medium_large__seed_162__persistent_certified_cache,r_f2775ef51f6451753c5d0cc9,29ae09e968a206b1987714317ff7528165372a46,31FED8028653E6F0D7132F61D73157188320ABA5486A0A66FEF950642D958893,2475EE26B5EA27C4B45B41F5AB9A5326CAA6C3CBB5BF7387AFF12BB1FEEB98D8,89F9298A00488506C0D1416B67DC956E48A3E085AC177720BC52DD1820C28BCC,240A702464FF524AAECEE00F2611EFA7882A64096CFA794C4147189A73C86623,C8CEB77E056A6E55A1C7A90A0C22C88347F736910E0E850188674CE6745C51D1,fairness_scalability_development_medium_large__scalability_s1_baseline__baseline__medium_large__seed_162__joint_v1_core_point_strengthened,0x1.4a5e6d3a505acp+14,1f9a152efcce469985dcb6718add2f15ba834506f3ffb317021c851b4f610190,complete,unknown_uncertified,separation_stalled_duplicate,false,60.69994489988312,3600.0,13.874557794770226,46.37926459708251,0.0,60.69994489988312,1072,1071,3919E271C40BDC86F5EE7FFA582A06DDD325D5BB4EAD453550ED17A6C62DB751
3919E271C40BDC86F5EE7FFA582A06DDD325D5BB4EAD453550ED17A6C62DB751,7A3C7BF75B0D6D3228B6AA9AC0E8B8E6799A4B4925949C89DBBCBF311C2D2376,medium_large,2,s1,frontier,162,0.01,persistent_certified_cache_batch5,fairness_scalability_development_medium_large__scalability_s1_frontier__rho_0_01__medium_large__seed_162__persistent_certified_cache_batch5,r_a36e85daf83dcdde9c6f50d7,29ae09e968a206b1987714317ff7528165372a46,31FED8028653E6F0D7132F61D73157188320ABA5486A0A66FEF950642D958893,2475EE26B5EA27C4B45B41F5AB9A5326CAA6C3CBB5BF7387AFF12BB1FEEB98D8,89F9298A00488506C0D1416B67DC956E48A3E085AC177720BC52DD1820C28BCC,240A702464FF524AAECEE00F2611EFA7882A64096CFA794C4147189A73C86623,C8CEB77E056A6E55A1C7A90A0C22C88347F736910E0E850188674CE6745C51D1,fairness_scalability_development_medium_large__scalability_s1_baseline__baseline__medium_large__seed_162__joint_v1_core_point_strengthened,0x1.4a5e6d3a505acp+14,1f9a152efcce469985dcb6718add2f15ba834506f3ffb317021c851b4f610190,complete,certified_robust_optimal,optimal,true,32.24843030003831,32.24843030003831,22.837111898930743,9.030844098888338,8.56175969936885,46.24174870061688,226,1015,3919E271C40BDC86F5EE7FFA582A06DDD325D5BB4EAD453550ED17A6C62DB751
3919E271C40BDC86F5EE7FFA582A06DDD325D5BB4EAD453550ED17A6C62DB751,7A3C7BF75B0D6D3228B6AA9AC0E8B8E6799A4B4925949C89DBBCBF311C2D2376,medium_large,2,s1,frontier,162,0.01,persistent_separation,fairness_scalability_development_medium_large__scalability_s1_frontier__rho_0_01__medium_large__seed_162__persistent_separation,r_8fb5492712caa88b64224092,29ae09e968a206b1987714317ff7528165372a46,31FED8028653E6F0D7132F61D73157188320ABA5486A0A66FEF950642D958893,2475EE26B5EA27C4B45B41F5AB9A5326CAA6C3CBB5BF7387AFF12BB1FEEB98D8,89F9298A00488506C0D1416B67DC956E48A3E085AC177720BC52DD1820C28BCC,240A702464FF524AAECEE00F2611EFA7882A64096CFA794C4147189A73C86623,C8CEB77E056A6E55A1C7A90A0C22C88347F736910E0E850188674CE6745C51D1,fairness_scalability_development_medium_large__scalability_s1_baseline__baseline__medium_large__seed_162__joint_v1_core_point_strengthened,0x1.4a5e6d3a505acp+14,1f9a152efcce469985dcb6718add2f15ba834506f3ffb317021c851b4f610190,complete,certified_robust_optimal,optimal,true,314.9102185999509,314.9102185999509,312.391370997997,2.4046218988951296,9.541192799806595,330.9903666006867,231,229,3919E271C40BDC86F5EE7FFA582A06DDD325D5BB4EAD453550ED17A6C62DB751
3919E271C40BDC86F5EE7FFA582A06DDD325D5BB4EAD453550ED17A6C62DB751,7A3C7BF75B0D6D3228B6AA9AC0E8B8E6799A4B4925949C89DBBCBF311C2D2376,medium_large,2,s1,frontier,162,0.01,single_cut,fairness_scalability_development_medium_large__scalability_s1_frontier__rho_0_01__medium_large__seed_162__single_cut,r_596e732f647ed7a856b9e2d0,29ae09e968a206b1987714317ff7528165372a46,31FED8028653E6F0D7132F61D73157188320ABA5486A0A66FEF950642D958893,2475EE26B5EA27C4B45B41F5AB9A5326CAA6C3CBB5BF7387AFF12BB1FEEB98D8,89F9298A00488506C0D1416B67DC956E48A3E085AC177720BC52DD1820C28BCC,240A702464FF524AAECEE00F2611EFA7882A64096CFA794C4147189A73C86623,C8CEB77E056A6E55A1C7A90A0C22C88347F736910E0E850188674CE6745C51D1,fairness_scalability_development_medium_large__scalability_s1_baseline__baseline__medium_large__seed_162__joint_v1_core_point_strengthened,0x1.4a5e6d3a505acp+14,1f9a152efcce469985dcb6718add2f15ba834506f3ffb317021c851b4f610190,complete,certified_robust_optimal,optimal,true,312.410396900028,312.410396900028,309.2553090993315,2.501830499852076,8.874419800704345,326.8776042999234,231,229,3919E271C40BDC86F5EE7FFA582A06DDD325D5BB4EAD453550ED17A6C62DB751
