relative_path,sha256
anchor_interpretation.md,7DE2CF9AD2EA1A3B82F640ED2710BB59875687071BC1E6D8821D91F52D86296C
anchor_quality_by_seed.csv,2FCFF876CBF393732C2BB3FD0AB5CACB7279E7C2D1925D060DE497FA5000C9C7
anchor_quality_summary.csv,E18DC08BEA5F6ECE5BC7FC9E244CFBE1A7A1788325C7B1B8CCB762E5FED342AE
figure_rho_threshold_seed_changes.pdf,3C8C6E670216F10137F2C6AE5A0306BD72AF2F4AFF26FB8B20A431435683AD9D
final_audit.json,E5210D70AE61E3C9103CF96E9B5EC4046C0D3D513CEB606A6C86666514AE4A95
rho_000_to_001_seed_changes.csv,AF256997BA640F99E63335DE5F9C47066F088B5E34C413F7FC00375C8C153B7C
rho_budget_utilization.csv,55C249ABEBB4E0D895DB8C3E4C41AC6C5D5C4FA36B511AB30134277934C88276
table_anchor_quality.md,DD3F5A0222D900910B8C7A78B435EA6AB1ECBA26FF9B338761026F5079CA1B3A
table_rho_threshold_diagnostics.md,377BBF84B798E144364A5888F1A39D4BC16BDB684C746D647A752FCA487C5193
